Money,Time
12.0,2026-06-17 19:03:37
11.0,2026-06-17 19:04:37
11.0,2026-06-17 19:05:37
13.0,2026-06-17 19:06:37
13.0,2026-06-17 19:07:37
13.0,2026-06-17 19:08:37
13.0,2026-06-17 19:09:37
13.0,2026-06-17 19:10:37
13.0,2026-06-17 19:11:37
15.0,2026-06-17 19:12:37
17.0,2026-06-17 19:13:37
19.0,2026-06-17 19:14:37
17.0,2026-06-17 19:15:37
15.0,2026-06-17 19:16:37
13.0,2026-06-17 19:17:37
11.0,2026-06-17 19:18:37
11.0,2026-06-17 19:19:37
12.0,2026-06-17 19:20:37
14.0,2026-06-17 19:21:37
15.0,2026-06-17 19:22:37
14.0,2026-06-17 19:23:37
14.0,2026-06-17 19:24:37
15.0,2026-06-17 19:25:37
15.0,2026-06-17 19:26:37
14.0,2026-06-17 19:27:37
14.0,2026-06-17 19:28:37
14.0,2026-06-17 19:29:37
15.0,2026-06-17 19:30:37
13.0,2026-06-17 19:31:37
13.0,2026-06-17 19:32:37
15.0,2026-06-17 19:33:37
15.0,2026-06-17 19:34:37
15.0,2026-06-17 19:35:37
15.0,2026-06-17 19:36:37
15.0,2026-06-17 19:37:37
15.0,2026-06-17 19:38:37
14.0,2026-06-17 19:39:37
13.0,2026-06-17 19:40:37
14.0,2026-06-17 19:41:37
16.0,2026-06-17 19:42:37
14.0,2026-06-17 19:43:37
16.0,2026-06-17 19:44:37
14.0,2026-06-17 19:45:37
14.0,2026-06-17 19:46:37
15.0,2026-06-17 19:47:37
16.0,2026-06-17 19:48:37
16.0,2026-06-17 19:49:37
15.0,2026-06-17 19:50:37
14.0,2026-06-17 19:51:37
12.0,2026-06-17 19:52:37
14.0,2026-06-17 19:53:37
16.0,2026-06-17 19:54:37
16.0,2026-06-17 19:55:37
15.0,2026-06-17 19:56:37
17.0,2026-06-17 19:57:37
19.0,2026-06-17 19:58:37
21.0,2026-06-17 19:59:37
19.0,2026-06-17 20:00:37
19.0,2026-06-17 20:01:37
19.0,2026-06-17 20:02:37
19.0,2026-06-17 20:03:37
17.0,2026-06-17 20:04:37
16.0,2026-06-17 20:05:37
16.0,2026-06-17 20:06:37
18.0,2026-06-17 20:07:37
20.0,2026-06-17 20:08:37
19.0,2026-06-17 20:09:37
19.0,2026-06-17 20:10:37
17.0,2026-06-17 20:11:37
15.0,2026-06-17 20:12:37
14.0,2026-06-17 20:13:37
12.0,2026-06-17 20:14:37
12.0,2026-06-17 20:15:37
11.0,2026-06-17 20:16:37
11.0,2026-06-17 20:17:37
13.0,2026-06-17 20:18:37
11.0,2026-06-17 20:19:37
12.0,2026-06-17 20:20:37
12.0,2026-06-17 20:21:37
11.0,2026-06-17 20:22:37
13.0,2026-06-17 20:23:37
13.0,2026-06-17 20:24:37
11.0,2026-06-17 20:25:37
11.0,2026-06-17 20:26:37
12.0,2026-06-17 20:27:37
14.0,2026-06-17 20:28:37
14.0,2026-06-17 20:29:37
13.0,2026-06-17 20:30:37
13.0,2026-06-17 20:31:37
11.0,2026-06-17 20:32:37
11.0,2026-06-17 20:34:37
13.0,2026-06-17 20:35:37
15.0,2026-06-17 20:36:37
14.0,2026-06-17 20:37:37
12.0,2026-06-17 20:38:37
10.0,2026-06-17 20:39:37
11.0,2026-06-17 20:40:37
12.0,2026-06-17 20:41:37
13.0,2026-06-17 20:42:37
15.0,2026-06-17 20:43:37
16.0,2026-06-17 20:44:37
14.0,2026-06-17 20:45:37
12.0,2026-06-17 20:46:37
13.0,2026-06-17 20:47:37
13.0,2026-06-17 20:48:37
15.0,2026-06-17 20:49:37
14.0,2026-06-17 20:50:37
14.0,2026-06-17 20:51:37
15.0,2026-06-17 20:52:37
14.0,2026-06-17 20:53:37
13.0,2026-06-17 20:54:37
13.0,2026-06-17 20:55:37
13.0,2026-06-17 20:56:37
13.0,2026-06-17 20:57:37
14.0,2026-06-17 20:58:37
14.0,2026-06-17 20:59:37
15.0,2026-06-17 21:00:37
15.0,2026-06-17 21:01:37
17.0,2026-06-17 21:02:37
17.0,2026-06-17 21:03:37
18.0,2026-06-17 21:04:37
18.0,2026-06-17 21:05:37
16.0,2026-06-17 21:06:37
16.0,2026-06-17 21:07:37
15.0,2026-06-17 21:08:37
15.0,2026-06-17 21:09:37
15.0,2026-06-17 21:10:37
17.0,2026-06-17 21:11:37
19.0,2026-06-17 21:12:37
18.0,2026-06-17 21:13:37
18.0,2026-06-17 21:14:37
17.0,2026-06-17 21:15:37
16.0,2026-06-17 21:16:37
15.0,2026-06-17 21:17:37
15.0,2026-06-17 21:18:37
14.0,2026-06-17 21:19:37
14.0,2026-06-17 21:20:37
16.0,2026-06-17 21:21:37
17.0,2026-06-17 21:22:37
15.0,2026-06-17 21:23:37
15.0,2026-06-17 21:24:37
16.0,2026-06-17 21:25:37
17.0,2026-06-17 21:26:37
15.0,2026-06-17 21:27:37
15.0,2026-06-17 21:28:37
17.0,2026-06-17 21:29:37
18.0,2026-06-17 21:30:37
18.0,2026-06-17 21:31:37
18.0,2026-06-17 21:32:37
19.0,2026-06-17 21:33:37
19.0,2026-06-17 21:34:37
19.0,2026-06-17 21:35:37
19.0,2026-06-17 21:36:37
19.0,2026-06-17 21:37:37
19.0,2026-06-17 21:38:37
17.0,2026-06-17 21:39:37
17.0,2026-06-17 21:40:37
18.0,2026-06-17 21:41:37
17.0,2026-06-17 21:42:37
17.0,2026-06-17 21:43:37
15.0,2026-06-17 21:44:37
17.0,2026-06-17 21:45:37
16.0,2026-06-17 21:46:37
15.0,2026-06-17 21:47:37
13.0,2026-06-17 21:48:37
15.0,2026-06-17 21:49:37
16.0,2026-06-17 21:50:37
18.0,2026-06-17 21:51:37
20.0,2026-06-17 21:52:37
18.0,2026-06-17 21:53:37
16.0,2026-06-17 21:54:37
15.0,2026-06-17 21:55:37
15.0,2026-06-17 21:56:37
15.0,2026-06-17 21:57:37
14.0,2026-06-17 21:58:37
13.0,2026-06-17 21:59:37
15.0,2026-06-17 22:00:37
16.0,2026-06-17 22:01:37
17.0,2026-06-17 22:02:37
18.0,2026-06-17 22:03:37
18.0,2026-06-17 22:04:37
17.0,2026-06-17 22:05:37
15.0,2026-06-17 22:06:37
15.0,2026-06-17 22:07:37
15.0,2026-06-17 22:08:37
17.0,2026-06-17 22:09:37
17.0,2026-06-17 22:10:37
17.0,2026-06-17 22:11:37
19.0,2026-06-17 22:12:37
17.0,2026-06-17 22:13:37
17.0,2026-06-17 22:14:37
17.0,2026-06-17 22:15:37
15.0,2026-06-17 22:16:37
14.0,2026-06-17 22:17:37
14.0,2026-06-17 22:18:37
14.0,2026-06-17 22:19:37
15.0,2026-06-17 22:20:37
16.0,2026-06-17 22:21:37
16.0,2026-06-17 22:22:37
14.0,2026-06-17 22:23:37
14.0,2026-06-17 22:24:37
15.0,2026-06-17 22:25:37
13.0,2026-06-17 22:26:37
13.0,2026-06-17 22:27:37
11.0,2026-06-17 22:28:37
11.0,2026-06-17 22:31:37
12.0,2026-06-17 22:32:37
13.0,2026-06-17 22:33:37
12.0,2026-06-17 22:34:37
10.0,2026-06-17 22:35:37
12.0,2026-06-17 22:36:37
12.0,2026-06-17 22:37:37
11.0,2026-06-17 22:38:37
10.0,2026-06-17 22:39:37
10.0,2026-06-17 22:40:37
10.0,2026-06-17 22:41:37
12.0,2026-06-17 22:42:37
14.0,2026-06-17 22:43:37
12.0,2026-06-17 22:44:37
11.0,2026-06-17 22:45:37
11.0,2026-06-17 22:46:37
10.0,2026-06-17 22:48:37
12.0,2026-06-17 22:49:37
14.0,2026-06-17 22:50:37
14.0,2026-06-17 22:51:37
16.0,2026-06-17 22:52:37
15.0,2026-06-17 22:53:37
17.0,2026-06-17 22:54:37
16.0,2026-06-17 22:55:37
18.0,2026-06-17 22:56:37
18.0,2026-06-17 22:57:37
18.0,2026-06-17 22:58:37
18.0,2026-06-17 22:59:37
17.0,2026-06-17 23:00:37
15.0,2026-06-17 23:01:37
14.0,2026-06-17 23:02:37
15.0,2026-06-17 23:03:37
17.0,2026-06-17 23:04:37
15.0,2026-06-17 23:05:37
15.0,2026-06-17 23:06:37
13.0,2026-06-17 23:07:37
13.0,2026-06-17 23:08:37
15.0,2026-06-17 23:09:37
15.0,2026-06-17 23:10:37
15.0,2026-06-17 23:11:37
15.0,2026-06-17 23:12:37
16.0,2026-06-17 23:13:37
16.0,2026-06-17 23:14:37
16.0,2026-06-17 23:15:37
14.0,2026-06-17 23:16:37
14.0,2026-06-17 23:17:37
14.0,2026-06-17 23:18:37
13.0,2026-06-17 23:19:37
11.0,2026-06-17 23:20:37
11.0,2026-06-17 23:21:37
11.0,2026-06-17 23:22:37
12.0,2026-06-17 23:23:37
11.0,2026-06-17 23:24:37
11.0,2026-06-17 23:25:37
11.0,2026-06-17 23:26:37
11.0,2026-06-17 23:28:37
11.0,2026-06-17 23:29:37
11.0,2026-06-17 23:30:37
11.0,2026-06-17 23:31:37
12.0,2026-06-17 23:32:37
14.0,2026-06-17 23:33:37
13.0,2026-06-17 23:34:37
13.0,2026-06-17 23:35:37
12.0,2026-06-17 23:36:37
12.0,2026-06-17 23:37:37
12.0,2026-06-17 23:38:37
11.0,2026-06-17 23:39:37
12.0,2026-06-17 23:40:37
13.0,2026-06-17 23:41:37
12.0,2026-06-17 23:42:37
13.0,2026-06-17 23:43:37
13.0,2026-06-17 23:44:37
13.0,2026-06-17 23:45:37
14.0,2026-06-17 23:46:37
15.0,2026-06-17 23:47:37
15.0,2026-06-17 23:48:37
14.0,2026-06-17 23:49:37
14.0,2026-06-17 23:50:37
15.0,2026-06-17 23:51:37
14.0,2026-06-17 23:52:37
12.0,2026-06-17 23:53:37
12.0,2026-06-17 23:54:37
12.0,2026-06-17 23:55:37
14.0,2026-06-17 23:56:37
14.0,2026-06-17 23:57:37
12.0,2026-06-17 23:58:37
12.0,2026-06-17 23:59:37
12.0,2026-06-18 01:00:37
12.0,2026-06-18 01:01:37
12.0,2026-06-18 01:02:37
13.0,2026-06-18 01:03:37
15.0,2026-06-18 01:04:37
15.0,2026-06-18 01:05:37
13.0,2026-06-18 01:06:37
13.0,2026-06-18 01:07:37
14.0,2026-06-18 01:08:37
13.0,2026-06-18 01:09:37
13.0,2026-06-18 01:10:37
12.0,2026-06-18 01:11:37
14.0,2026-06-18 01:12:37
16.0,2026-06-18 01:13:37
16.0,2026-06-18 01:14:37
15.0,2026-06-18 01:15:37
15.0,2026-06-18 01:16:37
15.0,2026-06-18 01:17:37
13.0,2026-06-18 01:18:37
11.0,2026-06-18 01:19:37
12.0,2026-06-18 01:20:37
14.0,2026-06-18 01:21:37
16.0,2026-06-18 01:22:37
18.0,2026-06-18 01:23:37
18.0,2026-06-18 01:24:37
16.0,2026-06-18 01:25:37
16.0,2026-06-18 01:26:37
15.0,2026-06-18 01:27:37
15.0,2026-06-18 01:28:37
15.0,2026-06-18 01:29:37
15.0,2026-06-18 01:30:37
14.0,2026-06-18 01:31:37
16.0,2026-06-18 01:32:37
16.0,2026-06-18 01:33:37
16.0,2026-06-18 01:34:37
17.0,2026-06-18 01:35:37
17.0,2026-06-18 01:36:37
16.0,2026-06-18 01:37:37
16.0,2026-06-18 01:38:37
16.0,2026-06-18 01:39:37
16.0,2026-06-18 01:40:37
18.0,2026-06-18 01:41:37
18.0,2026-06-18 01:42:37
16.0,2026-06-18 01:43:37
16.0,2026-06-18 01:44:37
16.0,2026-06-18 01:45:37
18.0,2026-06-18 01:46:37
20.0,2026-06-18 01:47:37
20.0,2026-06-18 01:48:37
22.0,2026-06-18 01:49:37
21.0,2026-06-18 01:50:37
20.0,2026-06-18 01:51:37
20.0,2026-06-18 01:52:37
19.0,2026-06-18 01:53:37
18.0,2026-06-18 01:54:37
16.0,2026-06-18 01:55:37
14.0,2026-06-18 01:56:37
16.0,2026-06-18 01:57:37
16.0,2026-06-18 01:58:37
15.0,2026-06-18 01:59:37
14.0,2026-06-18 02:00:37
13.0,2026-06-18 02:01:37
13.0,2026-06-18 02:02:37
13.0,2026-06-18 02:03:37
13.0,2026-06-18 02:04:37
13.0,2026-06-18 02:05:37
13.0,2026-06-18 02:06:37
12.0,2026-06-18 02:07:37
12.0,2026-06-18 02:08:37
12.0,2026-06-18 02:09:37
12.0,2026-06-18 02:10:37
11.0,2026-06-18 02:11:37
12.0,2026-06-18 02:12:37
14.0,2026-06-18 02:13:37
14.0,2026-06-18 02:14:37
12.0,2026-06-18 02:15:37
13.0,2026-06-18 02:16:37
14.0,2026-06-18 02:17:37
14.0,2026-06-18 02:18:37
14.0,2026-06-18 02:19:37
12.0,2026-06-18 02:20:37
11.0,2026-06-18 02:21:37
12.0,2026-06-18 02:22:37
13.0,2026-06-18 02:23:37
15.0,2026-06-18 02:24:37
15.0,2026-06-18 02:25:37
15.0,2026-06-18 02:26:37
15.0,2026-06-18 02:27:37
14.0,2026-06-18 02:28:37
14.0,2026-06-18 02:29:37
14.0,2026-06-18 02:30:37
14.0,2026-06-18 02:31:37
12.0,2026-06-18 02:32:37
12.0,2026-06-18 02:33:37
13.0,2026-06-18 02:34:37
11.0,2026-06-18 02:35:37
11.0,2026-06-18 02:36:37
13.0,2026-06-18 02:37:37
13.0,2026-06-18 02:38:37
13.0,2026-06-18 02:39:37
14.0,2026-06-18 02:40:37
14.0,2026-06-18 02:41:37
16.0,2026-06-18 02:42:37
17.0,2026-06-18 02:43:37
17.0,2026-06-18 02:44:37
16.0,2026-06-18 02:45:37
14.0,2026-06-18 02:46:37
14.0,2026-06-18 02:47:37
12.0,2026-06-18 02:48:37
12.0,2026-06-18 02:49:37
14.0,2026-06-18 02:50:37
14.0,2026-06-18 02:51:37
15.0,2026-06-18 02:52:37
17.0,2026-06-18 02:53:37
17.0,2026-06-18 02:54:37
16.0,2026-06-18 02:55:37
16.0,2026-06-18 02:56:37
17.0,2026-06-18 02:57:37
15.0,2026-06-18 02:58:37
14.0,2026-06-18 02:59:37
16.0,2026-06-18 03:00:37
16.0,2026-06-18 03:01:37
18.0,2026-06-18 03:02:37
18.0,2026-06-18 03:03:37
17.0,2026-06-18 03:04:37
16.0,2026-06-18 03:05:37
14.0,2026-06-18 03:06:37
14.0,2026-06-18 03:07:37
14.0,2026-06-18 03:08:37
13.0,2026-06-18 03:09:37
13.0,2026-06-18 03:10:37
12.0,2026-06-18 03:11:37
11.0,2026-06-18 03:12:37
11.0,2026-06-18 03:13:37
13.0,2026-06-18 03:14:37
13.0,2026-06-18 03:15:37
14.0,2026-06-18 03:16:37
13.0,2026-06-18 03:17:37
14.0,2026-06-18 03:18:37
14.0,2026-06-18 03:19:37
16.0,2026-06-18 03:20:37
16.0,2026-06-18 03:21:37
17.0,2026-06-18 03:22:37
19.0,2026-06-18 03:23:37
19.0,2026-06-18 03:24:37
17.0,2026-06-18 03:25:37
15.0,2026-06-18 03:26:37
15.0,2026-06-18 03:27:37
14.0,2026-06-18 03:28:37
14.0,2026-06-18 03:29:37
16.0,2026-06-18 03:30:37
14.0,2026-06-18 03:31:37
16.0,2026-06-18 03:32:37
16.0,2026-06-18 03:33:37
14.0,2026-06-18 03:34:37
13.0,2026-06-18 03:35:37
13.0,2026-06-18 03:36:37
13.0,2026-06-18 03:37:37
11.0,2026-06-18 03:38:37
13.0,2026-06-18 03:39:37
13.0,2026-06-18 03:40:37
13.0,2026-06-18 03:41:37
13.0,2026-06-18 03:42:37
12.0,2026-06-18 03:43:37
11.0,2026-06-18 03:44:37
11.0,2026-06-18 03:45:37
12.0,2026-06-18 03:46:37
12.0,2026-06-18 03:47:37
13.0,2026-06-18 03:48:37
12.0,2026-06-18 03:49:37
10.0,2026-06-18 03:50:37
10.0,2026-06-18 03:52:37
11.0,2026-06-18 03:53:37
11.0,2026-06-18 03:54:37
10.0,2026-06-18 03:56:37
11.0,2026-06-18 03:57:37
11.0,2026-06-18 03:58:37
11.0,2026-06-18 03:59:37
11.0,2026-06-18 04:00:37
11.0,2026-06-18 04:01:37
13.0,2026-06-18 04:02:37
13.0,2026-06-18 04:03:37
15.0,2026-06-18 04:04:37
17.0,2026-06-18 04:05:37
16.0,2026-06-18 04:06:37
16.0,2026-06-18 04:07:37
14.0,2026-06-18 04:08:37
12.0,2026-06-18 04:09:37
12.0,2026-06-18 04:10:37
14.0,2026-06-18 04:11:37
16.0,2026-06-18 04:12:37
16.0,2026-06-18 04:13:37
17.0,2026-06-18 04:14:37
16.0,2026-06-18 04:15:37
18.0,2026-06-18 04:16:37
18.0,2026-06-18 04:17:37
16.0,2026-06-18 04:18:37
14.0,2026-06-18 04:19:37
12.0,2026-06-18 04:20:37
13.0,2026-06-18 04:21:37
15.0,2026-06-18 04:22:37
17.0,2026-06-18 04:23:37
17.0,2026-06-18 04:24:37
19.0,2026-06-18 04:25:37
20.0,2026-06-18 04:26:37
20.0,2026-06-18 04:27:37
18.0,2026-06-18 04:28:37
17.0,2026-06-18 04:29:37
15.0,2026-06-18 04:30:37
15.0,2026-06-18 04:31:37
14.0,2026-06-18 04:32:37
15.0,2026-06-18 04:33:37
13.0,2026-06-18 04:34:37
14.0,2026-06-18 04:35:37
14.0,2026-06-18 04:36:37
15.0,2026-06-18 04:37:37
15.0,2026-06-18 04:38:37
14.0,2026-06-18 04:39:37
16.0,2026-06-18 04:40:37
18.0,2026-06-18 04:41:37
20.0,2026-06-18 04:42:37
20.0,2026-06-18 04:43:37
19.0,2026-06-18 04:44:37
20.0,2026-06-18 04:45:37
19.0,2026-06-18 04:46:37
20.0,2026-06-18 04:47:37
18.0,2026-06-18 04:48:37
16.0,2026-06-18 04:49:37
15.0,2026-06-18 04:50:37
15.0,2026-06-18 04:51:37
16.0,2026-06-18 04:52:37
17.0,2026-06-18 04:53:37
16.0,2026-06-18 04:54:37
15.0,2026-06-18 04:55:37
15.0,2026-06-18 04:56:37
13.0,2026-06-18 04:57:37
12.0,2026-06-18 04:58:37
14.0,2026-06-18 04:59:37
14.0,2026-06-18 05:00:37
16.0,2026-06-18 05:01:37
17.0,2026-06-18 05:02:37
16.0,2026-06-18 05:03:37
14.0,2026-06-18 05:04:37
14.0,2026-06-18 05:05:37
16.0,2026-06-18 05:06:37
18.0,2026-06-18 05:07:37
16.0,2026-06-18 05:08:37
15.0,2026-06-18 05:09:37
15.0,2026-06-18 05:10:37
17.0,2026-06-18 05:11:37
19.0,2026-06-18 05:12:37
19.0,2026-06-18 05:13:37
19.0,2026-06-18 05:14:37
17.0,2026-06-18 05:15:37
15.0,2026-06-18 05:16:37
15.0,2026-06-18 05:17:37
15.0,2026-06-18 05:18:37
15.0,2026-06-18 05:19:37
15.0,2026-06-18 05:20:37
15.0,2026-06-18 05:21:37
16.0,2026-06-18 05:22:37
15.0,2026-06-18 05:23:37
15.0,2026-06-18 05:24:37
15.0,2026-06-18 05:25:37
14.0,2026-06-18 05:26:37
16.0,2026-06-18 05:27:33
16.0,2026-06-18 05:28:33
18.0,2026-06-18 05:29:33
17.0,2026-06-18 05:30:33
17.0,2026-06-18 05:31:33
16.0,2026-06-18 05:32:33
16.0,2026-06-18 05:33:33
14.0,2026-06-18 05:34:33
16.0,2026-06-18 05:35:33
18.0,2026-06-18 05:36:33
19.0,2026-06-18 05:37:33
18.0,2026-06-18 05:38:33
17.0,2026-06-18 05:39:33
15.0,2026-06-18 05:40:33
14.0,2026-06-18 05:41:33
14.0,2026-06-18 05:42:33
14.0,2026-06-18 05:43:33
16.0,2026-06-18 05:44:33
15.0,2026-06-18 05:45:33
15.0,2026-06-18 05:46:33
15.0,2026-06-18 05:47:33
15.0,2026-06-18 05:48:33
17.0,2026-06-18 05:49:33
19.0,2026-06-18 05:50:33
17.0,2026-06-18 05:51:33
15.0,2026-06-18 05:52:33
15.0,2026-06-18 05:53:33
17.0,2026-06-18 05:54:33
15.0,2026-06-18 05:55:33
17.0,2026-06-18 05:56:33
16.0,2026-06-18 05:57:33
14.0,2026-06-18 05:58:33
16.0,2026-06-18 05:59:33
16.0,2026-06-18 06:00:33
16.0,2026-06-18 06:01:33
18.0,2026-06-18 06:02:33
20.0,2026-06-18 06:03:33
19.0,2026-06-18 06:04:33
19.0,2026-06-18 06:05:33
20.0,2026-06-18 06:06:33
18.0,2026-06-18 06:07:33
16.0,2026-06-18 06:08:33
14.0,2026-06-18 06:09:33
13.0,2026-06-18 06:10:33
14.0,2026-06-18 06:11:33
14.0,2026-06-18 06:12:33
13.0,2026-06-18 06:13:33
13.0,2026-06-18 06:14:33
13.0,2026-06-18 06:15:33
13.0,2026-06-18 06:16:33
13.0,2026-06-18 06:17:33
14.0,2026-06-18 06:18:33
14.0,2026-06-18 06:19:33
16.0,2026-06-18 06:20:33
15.0,2026-06-18 06:21:33
15.0,2026-06-18 06:22:33
13.0,2026-06-18 06:23:33
11.0,2026-06-18 06:24:33
11.0,2026-06-18 06:25:33
11.0,2026-06-18 06:26:33
11.0,2026-06-18 06:27:33
13.0,2026-06-18 06:28:33
13.0,2026-06-18 06:29:33
13.0,2026-06-18 06:30:33
14.0,2026-06-18 06:31:33
15.0,2026-06-18 06:32:33
14.0,2026-06-18 06:33:33
16.0,2026-06-18 06:34:33
16.0,2026-06-18 06:35:33
14.0,2026-06-18 06:36:33
15.0,2026-06-18 06:37:33
15.0,2026-06-18 06:38:33
13.0,2026-06-18 06:39:33
13.0,2026-06-18 06:40:33
14.0,2026-06-18 06:41:33
15.0,2026-06-18 06:42:33
15.0,2026-06-18 06:43:33
17.0,2026-06-18 06:44:33
17.0,2026-06-18 06:45:33
19.0,2026-06-18 06:46:33
18.0,2026-06-18 06:47:33
18.0,2026-06-18 06:48:33
18.0,2026-06-18 06:49:33
18.0,2026-06-18 06:50:33
17.0,2026-06-18 06:51:33
17.0,2026-06-18 06:52:33
16.0,2026-06-18 06:53:33
16.0,2026-06-18 06:54:33
16.0,2026-06-18 06:55:33
18.0,2026-06-18 06:56:33
16.0,2026-06-18 06:57:33
15.0,2026-06-18 06:58:33
15.0,2026-06-18 06:59:33
16.0,2026-06-18 07:00:33
15.0,2026-06-18 07:01:33
17.0,2026-06-18 07:02:33
18.0,2026-06-18 07:03:33
17.0,2026-06-18 07:04:33
16.0,2026-06-18 07:05:33
17.0,2026-06-18 07:06:33
17.0,2026-06-18 07:07:33
19.0,2026-06-18 07:08:33
19.0,2026-06-18 07:09:33
18.0,2026-06-18 07:10:33
16.0,2026-06-18 07:11:33
18.0,2026-06-18 07:12:33
17.0,2026-06-18 07:13:33
18.0,2026-06-18 07:14:33
20.0,2026-06-18 07:15:33
18.0,2026-06-18 07:16:33
17.0,2026-06-18 07:17:33
17.0,2026-06-18 07:18:33
17.0,2026-06-18 07:19:33
15.0,2026-06-18 07:20:33
13.0,2026-06-18 07:21:33
11.0,2026-06-18 07:22:33
13.0,2026-06-18 07:23:33
11.0,2026-06-18 07:24:33
11.0,2026-06-18 07:25:33
11.0,2026-06-18 07:29:33
11.0,2026-06-18 07:30:33
12.0,2026-06-18 07:31:33
12.0,2026-06-18 07:32:33
13.0,2026-06-18 07:33:33
12.0,2026-06-18 07:34:33
12.0,2026-06-18 07:35:33
12.0,2026-06-18 07:36:33
12.0,2026-06-18 07:37:33
14.0,2026-06-18 07:38:33
14.0,2026-06-18 07:39:33
14.0,2026-06-18 07:40:33
14.0,2026-06-18 07:41:33
13.0,2026-06-18 07:42:33
15.0,2026-06-18 07:43:33
15.0,2026-06-18 07:44:33
17.0,2026-06-18 07:45:33
18.0,2026-06-18 07:46:33
18.0,2026-06-18 07:47:33
18.0,2026-06-18 07:48:33
20.0,2026-06-18 07:49:33
20.0,2026-06-18 07:50:33
20.0,2026-06-18 07:51:33
20.0,2026-06-18 07:52:33
19.0,2026-06-18 07:53:33
19.0,2026-06-18 07:54:33
17.0,2026-06-18 07:55:33
17.0,2026-06-18 07:56:33
15.0,2026-06-18 07:57:33
13.0,2026-06-18 07:58:33
14.0,2026-06-18 07:59:33
14.0,2026-06-18 08:00:33
16.0,2026-06-18 08:01:33
18.0,2026-06-18 08:02:33
19.0,2026-06-18 08:03:33
19.0,2026-06-18 08:04:33
17.0,2026-06-18 08:05:33
15.0,2026-06-18 08:06:33
17.0,2026-06-18 08:07:33
18.0,2026-06-18 08:08:33
18.0,2026-06-18 08:09:33
18.0,2026-06-18 08:10:33
18.0,2026-06-18 08:11:33
17.0,2026-06-18 08:12:33
16.0,2026-06-18 08:13:33
16.0,2026-06-18 08:14:33
16.0,2026-06-18 08:15:33
16.0,2026-06-18 08:16:33
16.0,2026-06-18 08:17:33
17.0,2026-06-18 08:18:33
17.0,2026-06-18 08:19:33
17.0,2026-06-18 08:20:33
15.0,2026-06-18 08:21:33
16.0,2026-06-18 08:22:33
15.0,2026-06-18 08:23:33
15.0,2026-06-18 08:24:33
16.0,2026-06-18 08:25:33
15.0,2026-06-18 08:26:33
15.0,2026-06-18 08:27:33
16.0,2026-06-18 08:28:33
16.0,2026-06-18 08:29:33
14.0,2026-06-18 08:30:33
15.0,2026-06-18 08:31:33
17.0,2026-06-18 08:32:33
15.0,2026-06-18 08:33:33
14.0,2026-06-18 08:34:33
14.0,2026-06-18 08:35:33
13.0,2026-06-18 08:36:33
15.0,2026-06-18 08:37:33
14.0,2026-06-18 08:38:33
14.0,2026-06-18 08:39:33
13.0,2026-06-18 08:40:33
11.0,2026-06-18 08:41:33
11.0,2026-06-18 08:42:33
10.0,2026-06-18 08:45:33
10.0,2026-06-18 08:47:33
10.0,2026-06-18 08:48:33
11.0,2026-06-18 08:49:33
10.0,2026-06-18 08:50:33
10.0,2026-06-18 08:51:33
10.0,2026-06-18 08:52:33
10.0,2026-06-18 08:53:33
10.0,2026-06-18 08:54:33
10.0,2026-06-18 08:55:33
10.0,2026-06-18 08:56:33
12.0,2026-06-18 08:57:33
14.0,2026-06-18 08:58:33
14.0,2026-06-18 08:59:33
16.0,2026-06-18 09:00:33
17.0,2026-06-18 09:01:33
17.0,2026-06-18 09:02:33
15.0,2026-06-18 09:03:33
15.0,2026-06-18 09:04:33
13.0,2026-06-18 09:05:33
11.0,2026-06-18 09:06:33
12.0,2026-06-18 09:07:33
11.0,2026-06-18 09:08:33
11.0,2026-06-18 09:10:33
12.0,2026-06-18 09:11:33
12.0,2026-06-18 09:12:33
14.0,2026-06-18 09:13:33
14.0,2026-06-18 09:14:33
16.0,2026-06-18 09:15:33
18.0,2026-06-18 09:16:33
16.0,2026-06-18 09:17:33
14.0,2026-06-18 09:18:33
15.0,2026-06-18 09:19:33
15.0,2026-06-18 09:20:33
15.0,2026-06-18 09:21:33
15.0,2026-06-18 09:22:33
15.0,2026-06-18 09:23:33
16.0,2026-06-18 09:24:33
18.0,2026-06-18 09:25:33
20.0,2026-06-18 09:26:33
21.0,2026-06-18 09:27:33
19.0,2026-06-18 09:28:33
19.0,2026-06-18 09:29:33
17.0,2026-06-18 09:30:33
17.0,2026-06-18 09:31:33
17.0,2026-06-18 09:32:33
17.0,2026-06-18 09:33:33
17.0,2026-06-18 09:34:33
16.0,2026-06-18 09:35:33
14.0,2026-06-18 09:36:33
14.0,2026-06-18 09:37:33
12.0,2026-06-18 09:38:33
12.0,2026-06-18 09:39:33
10.0,2026-06-18 09:40:33
11.0,2026-06-18 09:41:33
11.0,2026-06-18 09:42:33
12.0,2026-06-18 09:43:33
11.0,2026-06-18 09:44:33
10.0,2026-06-18 09:45:33
12.0,2026-06-18 09:46:33
12.0,2026-06-18 09:47:33
13.0,2026-06-18 09:48:33
13.0,2026-06-18 09:49:33
13.0,2026-06-18 09:50:33
11.0,2026-06-18 09:51:33
10.0,2026-06-18 09:52:33
10.0,2026-06-18 09:53:33
11.0,2026-06-18 09:54:33
12.0,2026-06-18 09:55:33
12.0,2026-06-18 09:56:33
12.0,2026-06-18 09:57:33
14.0,2026-06-18 09:58:33
14.0,2026-06-18 09:59:33
16.0,2026-06-18 10:00:33
17.0,2026-06-18 10:01:33
19.0,2026-06-18 10:02:33
19.0,2026-06-18 10:03:33
18.0,2026-06-18 10:04:33
16.0,2026-06-18 10:05:33
14.0,2026-06-18 10:06:33
14.0,2026-06-18 10:07:33
15.0,2026-06-18 10:08:33
14.0,2026-06-18 10:09:33
12.0,2026-06-18 10:10:33
14.0,2026-06-18 10:11:33
14.0,2026-06-18 10:12:33
13.0,2026-06-18 10:13:33
13.0,2026-06-18 10:14:33
13.0,2026-06-18 10:15:33
13.0,2026-06-18 10:16:33
15.0,2026-06-18 10:17:33
14.0,2026-06-18 10:18:33
15.0,2026-06-18 10:19:33
15.0,2026-06-18 10:20:33
15.0,2026-06-18 10:21:33
15.0,2026-06-18 10:22:33
13.0,2026-06-18 10:23:33
12.0,2026-06-18 10:24:33
12.0,2026-06-18 10:25:33
14.0,2026-06-18 10:26:33
13.0,2026-06-18 10:27:33
15.0,2026-06-18 10:28:33
13.0,2026-06-18 10:29:33
13.0,2026-06-18 10:30:33
14.0,2026-06-18 10:31:33
15.0,2026-06-18 10:32:33
14.0,2026-06-18 10:33:33
13.0,2026-06-18 10:34:33
15.0,2026-06-18 10:35:33
15.0,2026-06-18 10:36:33
14.0,2026-06-18 10:37:33
13.0,2026-06-18 10:38:33
15.0,2026-06-18 10:39:33
16.0,2026-06-18 10:40:33
15.0,2026-06-18 10:41:33
15.0,2026-06-18 10:42:33
15.0,2026-06-18 10:43:33
15.0,2026-06-18 10:44:33
13.0,2026-06-18 10:45:33
13.0,2026-06-18 10:46:33
13.0,2026-06-18 10:47:33
14.0,2026-06-18 10:48:33
15.0,2026-06-18 10:49:33
17.0,2026-06-18 10:50:33
19.0,2026-06-18 10:51:33
20.0,2026-06-18 10:52:33
20.0,2026-06-18 10:53:33
18.0,2026-06-18 10:54:33
16.0,2026-06-18 10:55:33
16.0,2026-06-18 10:56:33
16.0,2026-06-18 10:57:33
15.0,2026-06-18 10:58:33
17.0,2026-06-18 10:59:33
16.0,2026-06-18 11:00:33
14.0,2026-06-18 11:01:33
14.0,2026-06-18 11:02:33
14.0,2026-06-18 11:03:33
15.0,2026-06-18 11:04:33
15.0,2026-06-18 11:05:33
16.0,2026-06-18 11:06:33
17.0,2026-06-18 11:07:33
16.0,2026-06-18 11:08:33
14.0,2026-06-18 11:09:33
12.0,2026-06-18 11:10:33
13.0,2026-06-18 11:11:33
13.0,2026-06-18 11:12:33
13.0,2026-06-18 11:13:33
13.0,2026-06-18 11:14:33
12.0,2026-06-18 11:15:33
10.0,2026-06-18 11:16:33
12.0,2026-06-18 11:17:33
13.0,2026-06-18 11:18:33
15.0,2026-06-18 11:19:33
15.0,2026-06-18 11:20:33
15.0,2026-06-18 11:21:33
15.0,2026-06-18 11:22:33
13.0,2026-06-18 11:23:33
14.0,2026-06-18 11:24:33
16.0,2026-06-18 11:25:33
17.0,2026-06-18 11:26:33
17.0,2026-06-18 11:27:33
17.0,2026-06-18 11:28:33
17.0,2026-06-18 11:29:33
19.0,2026-06-18 11:30:33
18.0,2026-06-18 11:31:33
18.0,2026-06-18 11:32:33
18.0,2026-06-18 11:33:33
18.0,2026-06-18 11:34:33
18.0,2026-06-18 11:35:33
18.0,2026-06-18 11:36:33
19.0,2026-06-18 11:37:33
20.0,2026-06-18 11:38:33
19.0,2026-06-18 11:39:33
17.0,2026-06-18 11:40:33
16.0,2026-06-18 11:41:33
14.0,2026-06-18 11:42:33
13.0,2026-06-18 11:43:33
13.0,2026-06-18 11:44:33
13.0,2026-06-18 11:45:33
12.0,2026-06-18 11:46:33
12.0,2026-06-18 11:47:33
14.0,2026-06-18 11:48:33
15.0,2026-06-18 11:49:33
16.0,2026-06-18 11:50:33
15.0,2026-06-18 11:51:33
16.0,2026-06-18 11:52:33
16.0,2026-06-18 11:53:33
17.0,2026-06-18 11:54:33
17.0,2026-06-18 11:55:33
17.0,2026-06-18 11:56:33
17.0,2026-06-18 11:57:33
16.0,2026-06-18 11:58:33
14.0,2026-06-18 11:59:33
15.0,2026-06-18 12:00:33
12.0,2026-06-18 12:00:37
13.0,2026-06-18 12:01:33
13.0,2026-06-18 12:01:37
13.0,2026-06-18 12:02:33
12.0,2026-06-18 12:02:37
13.0,2026-06-18 12:03:33
11.0,2026-06-18 12:03:37
14.0,2026-06-18 12:04:33
13.0,2026-06-18 12:05:33
13.0,2026-06-18 12:06:33
14.0,2026-06-18 12:07:33
15.0,2026-06-18 12:08:33
11.0,2026-06-18 12:08:37
15.0,2026-06-18 12:09:33
12.0,2026-06-18 12:09:37
15.0,2026-06-18 12:10:33
12.0,2026-06-18 12:10:37
16.0,2026-06-18 12:11:33
12.0,2026-06-18 12:11:37
15.0,2026-06-18 12:12:33
11.0,2026-06-18 12:12:37
16.0,2026-06-18 12:13:33
11.0,2026-06-18 12:13:37
16.0,2026-06-18 12:14:33
12.0,2026-06-18 12:14:37
16.0,2026-06-18 12:15:33
13.0,2026-06-18 12:15:37
14.0,2026-06-18 12:16:33
15.0,2026-06-18 12:16:37
15.0,2026-06-18 12:17:33
14.0,2026-06-18 12:17:37
15.0,2026-06-18 12:18:33
15.0,2026-06-18 12:18:37
14.0,2026-06-18 12:19:33
16.0,2026-06-18 12:19:37
12.0,2026-06-18 12:20:33
15.0,2026-06-18 12:20:37
10.0,2026-06-18 12:21:33
13.0,2026-06-18 12:21:37
11.0,2026-06-18 12:22:33
15.0,2026-06-18 12:22:37
12.0,2026-06-18 12:23:33
15.0,2026-06-18 12:23:37
12.0,2026-06-18 12:24:33
14.0,2026-06-18 12:24:37
12.0,2026-06-18 12:25:33
13.0,2026-06-18 12:25:37
10.0,2026-06-18 12:26:33
12.0,2026-06-18 12:26:37
10.0,2026-06-18 12:27:33
11.0,2026-06-18 12:27:37
12.0,2026-06-18 12:28:33
10.0,2026-06-18 12:28:37
12.0,2026-06-18 12:29:33
10.0,2026-06-18 12:29:37
10.0,2026-06-18 12:30:33
12.0,2026-06-18 12:30:37
12.0,2026-06-18 12:31:33
11.0,2026-06-18 12:31:37
13.0,2026-06-18 12:32:33
13.0,2026-06-18 12:32:37
14.0,2026-06-18 12:33:33
13.0,2026-06-18 12:33:37
16.0,2026-06-18 12:34:33
12.0,2026-06-18 12:34:37
16.0,2026-06-18 12:35:33
11.0,2026-06-18 12:35:37
14.0,2026-06-18 12:36:33
13.0,2026-06-18 12:36:37
14.0,2026-06-18 12:37:33
13.0,2026-06-18 12:37:37
15.0,2026-06-18 12:38:33
13.0,2026-06-18 12:38:37
14.0,2026-06-18 12:39:33
14.0,2026-06-18 12:39:37
13.0,2026-06-18 12:40:33
15.0,2026-06-18 12:40:37
15.0,2026-06-18 12:41:33
15.0,2026-06-18 12:41:37
16.0,2026-06-18 12:42:33
17.0,2026-06-18 12:42:37
18.0,2026-06-18 12:43:33
19.0,2026-06-18 12:43:37
19.0,2026-06-18 12:44:33
20.0,2026-06-18 12:44:37
18.0,2026-06-18 12:45:33
19.0,2026-06-18 12:45:37
17.0,2026-06-18 12:46:33
19.0,2026-06-18 12:46:37
16.0,2026-06-18 12:47:33
17.0,2026-06-18 12:47:37
16.0,2026-06-18 12:48:33
15.0,2026-06-18 12:48:37
14.0,2026-06-18 12:49:33
14.0,2026-06-18 12:49:37
14.0,2026-06-18 12:50:33
12.0,2026-06-18 12:50:37
12.0,2026-06-18 12:51:33
10.0,2026-06-18 12:51:37
10.0,2026-06-18 12:52:33
10.0,2026-06-18 12:53:33
12.0,2026-06-18 12:54:33
11.0,2026-06-18 12:54:37
12.0,2026-06-18 12:55:33
13.0,2026-06-18 12:55:37
14.0,2026-06-18 12:56:33
12.0,2026-06-18 12:56:37
16.0,2026-06-18 12:57:33
10.0,2026-06-18 12:57:37
16.0,2026-06-18 12:58:33
11.0,2026-06-18 12:58:37
14.0,2026-06-18 12:59:33
13.0,2026-06-18 12:59:37
12.0,2026-06-18 13:00:33
12.0,2026-06-18 13:01:33
13.0,2026-06-18 13:02:33
15.0,2026-06-18 13:03:33
15.0,2026-06-18 13:04:33
16.0,2026-06-18 13:05:33
16.0,2026-06-18 13:06:33
15.0,2026-06-18 13:07:33
16.0,2026-06-18 13:08:33
16.0,2026-06-18 13:09:33
17.0,2026-06-18 13:10:33
17.0,2026-06-18 13:11:33
16.0,2026-06-18 13:12:33
15.0,2026-06-18 13:13:33
14.0,2026-06-18 13:14:33
12.0,2026-06-18 13:15:33
12.0,2026-06-18 13:16:33
12.0,2026-06-18 13:17:33
11.0,2026-06-18 13:18:33
10.0,2026-06-18 13:19:33
10.0,2026-06-18 13:20:33
12.0,2026-06-18 13:21:33
12.0,2026-06-18 13:22:33
12.0,2026-06-18 13:23:33
13.0,2026-06-18 13:24:33
11.0,2026-06-18 13:25:33
13.0,2026-06-18 13:26:33
14.0,2026-06-18 13:27:33
13.0,2026-06-18 13:28:33
12.0,2026-06-18 13:29:33
12.0,2026-06-18 13:30:33
11.0,2026-06-18 13:31:33
11.0,2026-06-18 13:32:33
13.0,2026-06-18 13:33:33
11.0,2026-06-18 13:34:33
11.0,2026-06-18 13:35:33
12.0,2026-06-18 13:36:33
13.0,2026-06-18 13:37:33
15.0,2026-06-18 13:38:33
14.0,2026-06-18 13:39:33
12.0,2026-06-18 13:40:33
13.0,2026-06-18 13:41:33
11.0,2026-06-18 13:42:33
10.0,2026-06-18 13:43:33
10.0,2026-06-18 13:46:33
10.0,2026-06-18 13:47:33
11.0,2026-06-18 13:48:33
12.0,2026-06-18 13:49:33
12.0,2026-06-18 13:50:33
14.0,2026-06-18 13:51:33
14.0,2026-06-18 13:52:33
14.0,2026-06-18 13:53:33
14.0,2026-06-18 13:54:33
14.0,2026-06-18 13:55:33
16.0,2026-06-18 13:56:33
17.0,2026-06-18 13:57:33
16.0,2026-06-18 13:58:33
16.0,2026-06-18 13:59:33
16.0,2026-06-18 14:00:33
18.0,2026-06-18 14:01:33
16.0,2026-06-18 14:02:33
18.0,2026-06-18 14:03:33
20.0,2026-06-18 14:04:33
20.0,2026-06-18 14:05:33
19.0,2026-06-18 14:06:33
19.0,2026-06-18 14:07:33
18.0,2026-06-18 14:08:33
16.0,2026-06-18 14:09:33
15.0,2026-06-18 14:10:33
17.0,2026-06-18 14:11:33
17.0,2026-06-18 14:12:33
19.0,2026-06-18 14:13:33
19.0,2026-06-18 14:14:33
19.0,2026-06-18 14:15:33
19.0,2026-06-18 14:16:33
20.0,2026-06-18 14:17:33
19.0,2026-06-18 14:18:33
19.0,2026-06-18 14:19:33
21.0,2026-06-18 14:20:33
22.0,2026-06-18 14:21:33
20.0,2026-06-18 14:22:33
18.0,2026-06-18 14:23:33
18.0,2026-06-18 14:24:33
17.0,2026-06-18 14:25:33
17.0,2026-06-18 14:26:33
18.0,2026-06-18 14:27:33
16.0,2026-06-18 14:28:33
16.0,2026-06-18 14:29:33
16.0,2026-06-18 14:30:33
17.0,2026-06-18 14:31:33
17.0,2026-06-18 14:32:33
15.0,2026-06-18 14:33:33
15.0,2026-06-18 14:34:33
15.0,2026-06-18 14:35:33
15.0,2026-06-18 14:36:33
13.0,2026-06-18 14:37:33
15.0,2026-06-18 14:38:33
16.0,2026-06-18 14:39:33
16.0,2026-06-18 14:40:33
16.0,2026-06-18 14:41:33
14.0,2026-06-18 14:42:33
13.0,2026-06-18 14:43:33
11.0,2026-06-18 14:44:33
13.0,2026-06-18 14:45:33
14.0,2026-06-18 14:46:33
15.0,2026-06-18 14:47:33
16.0,2026-06-18 14:48:33
15.0,2026-06-18 14:49:33
14.0,2026-06-18 14:50:33
12.0,2026-06-18 14:51:33
12.0,2026-06-18 14:52:33
12.0,2026-06-18 14:53:33
14.0,2026-06-18 14:54:33
12.0,2026-06-18 14:55:33
13.0,2026-06-18 14:56:33
13.0,2026-06-18 14:57:33
11.0,2026-06-18 14:58:33
10.0,2026-06-18 14:59:33
12.0,2026-06-18 15:00:33
11.0,2026-06-18 15:01:33
13.0,2026-06-18 15:02:33
13.0,2026-06-18 15:03:33
13.0,2026-06-18 15:04:33
13.0,2026-06-18 15:05:33
15.0,2026-06-18 15:06:33
14.0,2026-06-18 15:07:33
14.0,2026-06-18 15:08:33
14.0,2026-06-18 15:09:33
13.0,2026-06-18 15:10:33
14.0,2026-06-18 15:11:33
14.0,2026-06-18 15:12:33
15.0,2026-06-18 15:13:33
13.0,2026-06-18 15:14:33
12.0,2026-06-18 15:15:33
10.0,2026-06-18 15:16:33
10.0,2026-06-18 15:17:33
12.0,2026-06-18 15:18:33
14.0,2026-06-18 15:19:33
16.0,2026-06-18 15:20:33
16.0,2026-06-18 15:21:33
16.0,2026-06-18 15:22:33
18.0,2026-06-18 15:23:33
16.0,2026-06-18 15:24:33
18.0,2026-06-18 15:25:33
19.0,2026-06-18 15:26:33
17.0,2026-06-18 15:27:33
15.0,2026-06-18 15:28:33
15.0,2026-06-18 15:29:33
13.0,2026-06-18 15:30:33
11.0,2026-06-18 15:31:33
11.0,2026-06-18 15:32:33
12.0,2026-06-18 15:33:33
13.0,2026-06-18 15:34:33
11.0,2026-06-18 15:35:33
11.0,2026-06-18 15:36:33
11.0,2026-06-18 15:37:33
11.0,2026-06-18 15:38:33
10.0,2026-06-18 15:43:33
10.0,2026-06-18 15:44:33
11.0,2026-06-18 15:45:33
11.0,2026-06-18 15:46:33
13.0,2026-06-18 15:47:33
13.0,2026-06-18 15:48:33
15.0,2026-06-18 15:49:33
15.0,2026-06-18 15:50:33
13.0,2026-06-18 15:51:33
12.0,2026-06-18 15:52:33
12.0,2026-06-18 15:53:33
14.0,2026-06-18 15:54:33
13.0,2026-06-18 15:55:33
11.0,2026-06-18 15:56:33
11.0,2026-06-18 15:57:33
11.0,2026-06-18 15:58:33
10.0,2026-06-18 16:01:33
12.0,2026-06-18 16:02:33
14.0,2026-06-18 16:03:33
13.0,2026-06-18 16:04:33
15.0,2026-06-18 16:05:33
15.0,2026-06-18 16:06:33
17.0,2026-06-18 16:07:33
18.0,2026-06-18 16:08:33
16.0,2026-06-18 16:09:33
16.0,2026-06-18 16:10:33
15.0,2026-06-18 16:11:33
13.0,2026-06-18 16:12:33
14.0,2026-06-18 16:13:33
13.0,2026-06-18 16:14:33
12.0,2026-06-18 16:15:33
12.0,2026-06-18 16:16:33
12.0,2026-06-18 16:17:33
10.0,2026-06-18 16:18:33
10.0,2026-06-18 16:19:33
11.0,2026-06-18 16:20:33
13.0,2026-06-18 16:21:33
14.0,2026-06-18 16:22:33
15.0,2026-06-18 16:23:33
14.0,2026-06-18 16:24:33
12.0,2026-06-18 16:25:33
14.0,2026-06-18 16:26:33
14.0,2026-06-18 16:27:33
14.0,2026-06-18 16:28:33
15.0,2026-06-18 16:29:33
15.0,2026-06-18 16:30:33
17.0,2026-06-18 16:31:33
15.0,2026-06-18 16:32:33
16.0,2026-06-18 16:33:33
16.0,2026-06-18 16:34:33
16.0,2026-06-18 16:35:33
15.0,2026-06-18 16:36:33
17.0,2026-06-18 16:37:33
16.0,2026-06-18 16:38:33
16.0,2026-06-18 16:39:33
18.0,2026-06-18 16:40:33
18.0,2026-06-18 16:41:33
16.0,2026-06-18 16:42:33
16.0,2026-06-18 16:43:33
16.0,2026-06-18 16:44:33
15.0,2026-06-18 16:45:33
17.0,2026-06-18 16:46:33
15.0,2026-06-18 16:47:33
17.0,2026-06-18 16:48:33
15.0,2026-06-18 16:49:33
15.0,2026-06-18 16:50:33
13.0,2026-06-18 16:51:33
12.0,2026-06-18 16:52:33
14.0,2026-06-18 16:53:33
15.0,2026-06-18 16:54:33
15.0,2026-06-18 16:55:33
16.0,2026-06-18 16:56:33
16.0,2026-06-18 16:57:33
18.0,2026-06-18 16:58:33
18.0,2026-06-18 16:59:33
17.0,2026-06-18 17:00:33
18.0,2026-06-18 17:01:33
20.0,2026-06-18 17:02:33
19.0,2026-06-18 17:03:33
17.0,2026-06-18 17:04:33
15.0,2026-06-18 17:05:33
13.0,2026-06-18 17:06:33
14.0,2026-06-18 17:07:33
12.0,2026-06-18 17:08:33
11.0,2026-06-18 17:09:33
11.0,2026-06-18 17:10:33
11.0,2026-06-18 17:11:33
11.0,2026-06-18 17:12:33
11.0,2026-06-18 17:13:33
10.0,2026-06-18 17:14:33
11.0,2026-06-18 17:15:33
11.0,2026-06-18 17:16:33
11.0,2026-06-18 17:17:33
12.0,2026-06-18 17:18:33
12.0,2026-06-18 17:19:33
14.0,2026-06-18 17:20:33
14.0,2026-06-18 17:21:33
13.0,2026-06-18 17:22:33
14.0,2026-06-18 17:23:33
15.0,2026-06-18 17:24:33
15.0,2026-06-18 17:25:33
16.0,2026-06-18 17:26:33
15.0,2026-06-18 17:27:33
15.0,2026-06-18 17:28:33
17.0,2026-06-18 17:29:33
15.0,2026-06-18 17:30:33
15.0,2026-06-18 17:31:33
13.0,2026-06-18 17:32:33
14.0,2026-06-18 17:33:33
14.0,2026-06-18 17:34:33
14.0,2026-06-18 17:35:33
14.0,2026-06-18 17:36:33
16.0,2026-06-18 17:37:33
16.0,2026-06-18 17:38:33
16.0,2026-06-18 17:39:33
17.0,2026-06-18 17:40:33
18.0,2026-06-18 17:41:33
19.0,2026-06-18 17:42:33
19.0,2026-06-18 17:43:33
19.0,2026-06-18 17:44:33
18.0,2026-06-18 17:45:33
19.0,2026-06-18 17:46:33
18.0,2026-06-18 17:47:33
17.0,2026-06-18 17:48:33
16.0,2026-06-18 17:49:33
14.0,2026-06-18 17:50:33
13.0,2026-06-18 17:51:33
15.0,2026-06-18 17:52:33
16.0,2026-06-18 17:53:33
16.0,2026-06-18 17:54:33
18.0,2026-06-18 17:55:33
20.0,2026-06-18 17:56:33
20.0,2026-06-18 17:57:33
18.0,2026-06-18 17:58:33
18.0,2026-06-18 17:59:33
18.0,2026-06-18 18:00:33
20.0,2026-06-18 18:01:33
19.0,2026-06-18 18:02:33
17.0,2026-06-18 18:03:33
15.0,2026-06-18 18:04:33
15.0,2026-06-18 18:05:33
15.0,2026-06-18 18:06:33
15.0,2026-06-18 18:07:33
17.0,2026-06-18 18:08:33
16.0,2026-06-18 18:09:33
16.0,2026-06-18 18:10:33
15.0,2026-06-18 18:11:33
17.0,2026-06-18 18:12:33
16.0,2026-06-18 18:13:33
16.0,2026-06-18 18:14:33
16.0,2026-06-18 18:15:33
14.0,2026-06-18 18:16:33
14.0,2026-06-18 18:17:33
14.0,2026-06-18 18:18:33
15.0,2026-06-18 18:19:33
16.0,2026-06-18 18:20:33
15.0,2026-06-18 18:21:33
13.0,2026-06-18 18:22:33
14.0,2026-06-18 18:23:33
14.0,2026-06-18 18:24:33
15.0,2026-06-18 18:25:33
17.0,2026-06-18 18:26:33
16.0,2026-06-18 18:27:33
16.0,2026-06-18 18:28:33
18.0,2026-06-18 18:29:33
19.0,2026-06-18 18:30:33
19.0,2026-06-18 18:31:33
18.0,2026-06-18 18:32:33
16.0,2026-06-18 18:33:33
17.0,2026-06-18 18:34:33
17.0,2026-06-18 18:35:33
17.0,2026-06-18 18:36:33
17.0,2026-06-18 18:37:33
15.0,2026-06-18 18:38:33
14.0,2026-06-18 18:39:33
14.0,2026-06-18 18:40:33
12.0,2026-06-18 18:41:33
12.0,2026-06-18 18:42:33
13.0,2026-06-18 18:43:33
11.0,2026-06-18 18:44:33
11.0,2026-06-18 18:45:33
12.0,2026-06-18 18:46:33
13.0,2026-06-18 18:47:33
12.0,2026-06-18 18:48:33
13.0,2026-06-18 18:49:33
11.0,2026-06-18 18:50:33
13.0,2026-06-18 18:51:33
14.0,2026-06-18 18:52:33
13.0,2026-06-18 18:53:33
13.0,2026-06-18 18:54:33
13.0,2026-06-18 18:55:33
13.0,2026-06-18 18:56:33
14.0,2026-06-18 18:57:33
14.0,2026-06-18 18:58:33
16.0,2026-06-18 18:59:33
18.0,2026-06-18 19:00:33
16.0,2026-06-18 19:01:33
15.0,2026-06-18 19:02:33
15.0,2026-06-22 03:37:14
13.0,2026-06-22 03:38:14
15.0,2026-06-22 03:39:14
15.0,2026-06-22 03:40:14
13.0,2026-06-22 03:41:14
15.0,2026-06-22 03:42:14
13.0,2026-06-22 03:43:15
14.0,2026-06-22 03:44:15
12.0,2026-06-22 03:45:15
10.0,2026-06-22 03:46:15
11.0,2026-06-22 03:47:15
12.0,2026-06-22 03:48:15
12.0,2026-06-22 03:49:15
14.0,2026-06-22 03:50:15
14.0,2026-06-22 03:51:15
14.0,2026-06-22 03:52:15
14.0,2026-06-22 03:53:16
14.0,2026-06-22 03:54:16
15.0,2026-06-22 03:55:16
14.0,2026-06-22 03:56:16
14.0,2026-06-22 03:57:16
14.0,2026-06-22 03:58:16
13.0,2026-06-22 03:59:16
13.0,2026-06-22 04:00:17
13.0,2026-06-22 04:01:17
11.0,2026-06-22 04:02:17
13.0,2026-06-22 04:03:17
12.0,2026-06-22 04:04:17
12.0,2026-06-22 04:05:17
14.0,2026-06-22 04:06:17
15.0,2026-06-22 04:07:17
15.0,2026-06-22 04:08:17
16.0,2026-06-22 04:09:18
16.0,2026-06-22 04:10:18
14.0,2026-06-22 04:11:18
14.0,2026-06-22 04:12:18
14.0,2026-06-22 04:13:18
13.0,2026-06-22 04:14:18
15.0,2026-06-22 04:15:18
15.0,2026-06-22 04:16:18
17.0,2026-06-22 04:17:18
15.0,2026-06-22 04:18:18
17.0,2026-06-22 04:19:18
16.0,2026-06-22 04:20:19
14.0,2026-06-22 04:21:19
14.0,2026-06-22 04:22:19
14.0,2026-06-22 04:23:19
15.0,2026-06-22 04:24:19
17.0,2026-06-22 04:25:19
15.0,2026-06-22 04:26:19
16.0,2026-06-22 04:27:19
15.0,2026-06-22 04:28:19
13.0,2026-06-22 04:29:19
13.0,2026-06-22 04:30:19
14.0,2026-06-22 04:31:20
14.0,2026-06-22 04:32:20
14.0,2026-06-22 04:33:20
14.0,2026-06-22 04:34:20
14.0,2026-06-22 04:35:20
14.0,2026-06-22 04:36:20
16.0,2026-06-22 04:37:20
17.0,2026-06-22 04:38:20
18.0,2026-06-22 04:39:20
16.0,2026-06-22 04:40:20
17.0,2026-06-22 04:41:20
17.0,2026-06-22 04:42:21
17.0,2026-06-22 04:43:21
15.0,2026-06-22 04:44:21
13.0,2026-06-22 04:45:21
11.0,2026-06-22 04:46:21
12.0,2026-06-22 04:47:21
12.0,2026-06-22 04:48:21
10.0,2026-06-22 04:49:21
12.0,2026-06-22 04:50:21
12.0,2026-06-22 04:51:21
12.0,2026-06-22 04:52:22
13.0,2026-06-22 04:53:22
13.0,2026-06-22 04:54:22
13.0,2026-06-22 04:55:22
13.0,2026-06-22 04:56:22
13.0,2026-06-22 04:57:22
15.0,2026-06-22 04:58:22
15.0,2026-06-22 04:59:22
17.0,2026-06-22 05:00:22
19.0,2026-06-22 05:01:22
17.0,2026-06-22 05:02:22
17.0,2026-06-22 05:03:23
17.0,2026-06-22 05:04:23
16.0,2026-06-22 05:05:23
16.0,2026-06-22 05:06:23
18.0,2026-06-22 05:07:23
17.0,2026-06-22 05:08:23
15.0,2026-06-22 05:09:23
17.0,2026-06-22 05:10:23
16.0,2026-06-22 05:11:23
16.0,2026-06-22 05:12:23
18.0,2026-06-22 05:13:23
16.0,2026-06-22 05:14:24
15.0,2026-06-22 05:15:24
13.0,2026-06-22 05:16:24
15.0,2026-06-22 05:17:24
15.0,2026-06-22 05:18:24
15.0,2026-06-22 05:19:24
15.0,2026-06-22 05:20:24
13.0,2026-06-22 05:21:24
11.0,2026-06-22 05:22:24
12.0,2026-06-22 05:23:24
13.0,2026-06-22 05:24:24
13.0,2026-06-22 05:25:25
12.0,2026-06-22 05:26:25
12.0,2026-06-22 05:27:25
12.0,2026-06-22 05:28:25
13.0,2026-06-22 05:29:25
13.0,2026-06-22 05:30:25
13.0,2026-06-22 05:31:25
14.0,2026-06-22 05:32:25
16.0,2026-06-22 05:33:25
16.0,2026-06-22 05:34:25
15.0,2026-06-22 05:35:25
13.0,2026-06-22 05:36:26
14.0,2026-06-22 05:37:26
16.0,2026-06-22 05:38:26
18.0,2026-06-22 05:39:26
19.0,2026-06-22 05:40:26
18.0,2026-06-22 05:41:26
20.08,2026-06-22 05:42:26
18.0,2026-06-22 05:43:26
16.0,2026-06-22 05:44:26
15.0,2026-06-22 05:45:26
15.0,2026-06-22 05:46:26
14.0,2026-06-22 05:47:27
15.0,2026-06-22 05:48:27
15.0,2026-06-22 05:49:27
13.0,2026-06-22 05:50:27
13.0,2026-06-22 05:51:27
13.0,2026-06-22 05:52:27
15.0,2026-06-22 05:53:27
13.0,2026-06-22 05:54:27
11.0,2026-06-22 05:55:27
12.0,2026-06-22 05:56:27
10.0,2026-06-22 05:57:27
11.0,2026-06-22 05:58:28
13.0,2026-06-22 05:59:28
11.0,2026-06-22 06:00:28
12.0,2026-06-22 06:01:28
12.0,2026-06-22 06:02:28
12.0,2026-06-22 06:03:28
11.0,2026-06-22 06:04:28
10.0,2026-06-22 06:05:28
12.0,2026-06-22 06:06:28
13.0,2026-06-22 06:07:28
15.0,2026-06-22 06:08:28
16.0,2026-06-22 06:09:29
14.0,2026-06-22 06:10:29
14.0,2026-06-22 06:11:29
14.0,2026-06-22 06:12:29
15.0,2026-06-22 06:13:29
13.0,2026-06-22 06:14:29
14.0,2026-06-22 06:15:29
14.0,2026-06-22 06:16:29
14.0,2026-06-22 06:17:29
14.0,2026-06-22 06:18:29
14.0,2026-06-22 06:19:29
15.0,2026-06-22 06:20:30
16.0,2026-06-22 06:21:30
16.0,2026-06-22 06:22:30
16.0,2026-06-22 06:23:30
14.0,2026-06-22 06:24:30
16.0,2026-06-22 06:25:30
18.0,2026-06-22 06:26:30
16.0,2026-06-22 06:27:30
16.0,2026-06-22 06:28:30
14.0,2026-06-22 06:29:30
14.0,2026-06-22 06:30:30
13.0,2026-06-22 06:31:31
13.0,2026-06-22 06:32:31
15.0,2026-06-22 06:33:31
13.0,2026-06-22 06:34:31
15.0,2026-06-22 06:35:31
15.0,2026-06-22 06:36:31
15.0,2026-06-22 06:37:32
13.0,2026-06-22 06:38:32
13.0,2026-06-22 06:39:32
15.0,2026-06-22 06:40:32
17.0,2026-06-22 06:41:32
17.0,2026-06-22 06:42:32
17.0,2026-06-22 06:43:32
15.0,2026-06-22 06:44:32
14.0,2026-06-22 06:45:32
13.0,2026-06-22 06:46:32
13.0,2026-06-22 06:47:32
15.0,2026-06-22 06:48:33
16.0,2026-06-22 06:49:33
16.0,2026-06-22 06:50:33
14.0,2026-06-22 06:51:33
13.0,2026-06-22 06:52:33
11.0,2026-06-22 06:53:33
11.0,2026-06-22 06:55:33
12.0,2026-06-22 06:56:33
13.0,2026-06-22 06:57:33
13.0,2026-06-22 06:58:33
13.0,2026-06-22 06:59:34
12.0,2026-06-22 07:00:34
13.0,2026-06-22 07:01:34
14.0,2026-06-22 07:02:34
14.0,2026-06-22 07:03:34
16.0,2026-06-22 07:04:34
18.0,2026-06-22 07:05:34
18.0,2026-06-22 07:06:34
17.0,2026-06-22 07:07:34
17.0,2026-06-22 07:08:34
17.0,2026-06-22 07:09:34
17.0,2026-06-22 07:10:35
17.0,2026-06-22 07:11:35
19.0,2026-06-22 07:12:35
18.0,2026-06-22 07:13:35
18.0,2026-06-22 07:14:35
18.0,2026-06-22 07:15:35
17.0,2026-06-22 07:16:35
19.0,2026-06-22 07:17:35
19.0,2026-06-22 07:18:36
19.0,2026-06-22 07:19:36
19.0,2026-06-22 07:20:36
21.08,2026-06-22 07:21:36
19.0,2026-06-22 07:22:36
17.0,2026-06-22 07:23:36
15.0,2026-06-22 07:24:36
16.0,2026-06-22 07:25:36
17.0,2026-06-22 07:26:36
17.0,2026-06-22 07:27:36
16.0,2026-06-22 07:28:36
14.0,2026-06-22 07:29:37
14.0,2026-06-22 07:30:37
14.0,2026-06-22 07:31:37
16.0,2026-06-22 07:32:37
15.0,2026-06-22 07:33:37
13.0,2026-06-22 07:34:37
13.0,2026-06-22 07:35:37
14.0,2026-06-22 07:36:37
14.0,2026-06-22 07:37:37
16.0,2026-06-22 07:38:37
18.0,2026-06-22 07:39:38
17.0,2026-06-22 07:40:38
19.0,2026-06-22 07:41:38
21.08,2026-06-22 07:42:38
22.08,2026-06-22 07:43:38
21.08,2026-06-22 07:44:38
20.08,2026-06-22 07:45:38
22.08,2026-06-22 07:46:38
22.08,2026-06-22 07:47:38
21.08,2026-06-22 07:48:38
19.0,2026-06-22 07:49:38
20.08,2026-06-22 07:50:39
19.0,2026-06-22 07:51:39
21.08,2026-06-22 07:52:39
22.08,2026-06-22 07:53:39
22.08,2026-06-22 07:54:39
24.08,2026-06-22 07:55:39
24.08,2026-06-22 07:56:39
22.08,2026-06-22 07:57:39
20.08,2026-06-22 07:58:39
18.0,2026-06-22 07:59:39
16.0,2026-06-22 08:00:39
16.0,2026-06-22 08:01:40
14.0,2026-06-22 08:02:40
14.0,2026-06-22 08:03:40
13.0,2026-06-22 08:04:40
13.0,2026-06-22 08:05:40
13.0,2026-06-22 08:06:40
13.0,2026-06-22 08:07:40
13.0,2026-06-22 08:08:40
15.0,2026-06-22 08:09:40
14.0,2026-06-22 08:10:40
16.0,2026-06-22 08:11:40
14.0,2026-06-22 08:12:41
14.0,2026-06-22 08:13:41
15.0,2026-06-22 08:14:41
15.0,2026-06-22 08:15:41
13.0,2026-06-22 08:16:41
12.0,2026-06-22 08:17:41
14.0,2026-06-22 08:18:41
16.0,2026-06-22 08:19:41
16.0,2026-06-22 08:20:41
15.0,2026-06-22 08:21:41
13.0,2026-06-22 08:22:41
13.0,2026-06-22 08:23:42
13.0,2026-06-22 08:24:42
11.0,2026-06-22 08:25:42
13.0,2026-06-22 08:26:42
13.0,2026-06-22 08:27:42
11.0,2026-06-22 08:28:42
11.0,2026-06-22 08:29:42
11.0,2026-06-22 08:30:42
11.0,2026-06-22 08:31:42
13.0,2026-06-22 08:32:42
13.0,2026-06-22 08:33:43
13.0,2026-06-22 08:34:43
14.0,2026-06-22 08:35:43
14.0,2026-06-22 08:36:43
16.0,2026-06-22 08:37:43
16.0,2026-06-22 08:38:43
16.0,2026-06-22 08:39:43
16.0,2026-06-22 08:40:43
15.0,2026-06-22 08:41:43
13.0,2026-06-22 08:42:44
15.0,2026-06-22 08:43:44
13.0,2026-06-22 08:44:44
15.0,2026-06-22 08:45:44
17.0,2026-06-22 08:46:44
17.0,2026-06-22 08:47:44
17.0,2026-06-22 08:48:44
17.0,2026-06-22 08:49:44
19.0,2026-06-22 08:50:44
20.08,2026-06-22 08:51:44
19.0,2026-06-22 08:52:44
21.08,2026-06-22 08:53:45
20.08,2026-06-22 08:54:45
19.0,2026-06-22 08:55:45
19.0,2026-06-22 08:56:45
17.0,2026-06-22 08:57:45
16.0,2026-06-22 08:58:45
18.0,2026-06-22 08:59:45
17.0,2026-06-22 09:00:45
15.0,2026-06-22 09:01:45
15.0,2026-06-22 09:02:46
15.0,2026-06-22 09:03:46
15.0,2026-06-22 09:04:46
17.0,2026-06-22 09:05:46
17.0,2026-06-22 09:06:46
17.0,2026-06-22 09:07:46
15.0,2026-06-22 09:08:46
15.0,2026-06-22 09:09:46
14.0,2026-06-22 09:10:46
14.0,2026-06-22 09:11:46
12.0,2026-06-22 09:12:47
11.0,2026-06-22 09:13:47
11.0,2026-06-22 09:15:47
11.0,2026-06-22 09:16:47
11.0,2026-06-22 09:20:47
13.0,2026-06-22 09:21:47
15.0,2026-06-22 09:22:47
17.0,2026-06-22 09:23:48
19.0,2026-06-22 09:24:48
17.0,2026-06-22 09:25:48
17.0,2026-06-22 09:26:48
19.0,2026-06-22 09:27:48
20.08,2026-06-22 09:28:48
21.08,2026-06-22 09:29:48
20.08,2026-06-22 09:30:48
18.0,2026-06-22 09:31:48
17.0,2026-06-22 09:32:48
18.0,2026-06-22 09:33:48
20.08,2026-06-22 09:34:49
18.0,2026-06-22 09:35:49
18.0,2026-06-22 09:36:49
20.08,2026-06-22 09:37:49
19.0,2026-06-22 09:38:49
17.0,2026-06-22 09:39:49
15.0,2026-06-22 09:40:49
15.0,2026-06-22 09:41:49
17.0,2026-06-22 09:42:49
16.0,2026-06-22 09:43:49
17.0,2026-06-22 09:44:49
17.0,2026-06-22 09:45:50
16.0,2026-06-22 09:46:50
17.0,2026-06-22 09:47:50
17.0,2026-06-22 09:48:50
17.0,2026-06-22 09:49:50
17.0,2026-06-22 09:50:50
17.0,2026-06-22 09:51:50
19.0,2026-06-22 09:52:50
17.0,2026-06-22 09:53:50
16.0,2026-06-22 09:54:50
18.0,2026-06-22 09:55:50
16.0,2026-06-22 09:56:51
15.0,2026-06-22 09:57:51
17.0,2026-06-22 09:58:51
15.0,2026-06-22 09:59:51
15.0,2026-06-22 10:00:51
14.0,2026-06-22 10:01:51
12.0,2026-06-22 10:02:51
14.0,2026-06-22 10:03:51
14.0,2026-06-22 10:04:51
12.0,2026-06-22 10:05:51
14.0,2026-06-22 10:06:51
16.0,2026-06-22 10:07:52
15.0,2026-06-22 10:08:52
15.0,2026-06-22 10:09:52
15.0,2026-06-22 10:10:52
14.0,2026-06-22 10:11:52
16.0,2026-06-22 10:12:52
17.0,2026-06-22 10:13:52
17.0,2026-06-22 10:14:52
15.0,2026-06-22 10:15:52
15.0,2026-06-22 10:16:53
13.0,2026-06-22 10:17:53
13.0,2026-06-22 10:18:53
14.0,2026-06-22 10:19:53
13.0,2026-06-22 10:20:53
15.0,2026-06-22 10:21:53
17.0,2026-06-22 10:22:53
17.0,2026-06-22 10:23:54
17.0,2026-06-22 10:24:54
18.0,2026-06-22 10:25:54
18.0,2026-06-22 10:26:54
18.0,2026-06-22 10:27:54
18.0,2026-06-22 10:28:54
18.0,2026-06-22 10:29:54
18.0,2026-06-22 10:30:54
19.0,2026-06-22 10:31:54
19.0,2026-06-22 10:32:54
20.08,2026-06-22 10:33:54
20.08,2026-06-22 10:34:55
19.0,2026-06-22 10:35:55
19.0,2026-06-22 10:36:55
18.0,2026-06-22 10:37:55
17.0,2026-06-22 10:38:55
16.0,2026-06-22 10:39:55
16.0,2026-06-22 10:40:55
18.0,2026-06-22 10:41:55
16.0,2026-06-22 10:42:55
15.0,2026-06-22 10:43:55
17.0,2026-06-22 10:44:55
19.0,2026-06-22 10:45:56
19.0,2026-06-22 10:46:56
17.0,2026-06-22 10:47:56
16.0,2026-06-22 10:48:56
15.0,2026-06-22 10:49:56
13.0,2026-06-22 10:50:56
15.0,2026-06-22 10:51:56
15.0,2026-06-22 10:52:56
16.0,2026-06-22 10:53:56
18.0,2026-06-22 10:54:56
19.0,2026-06-22 10:55:57
20.08,2026-06-22 10:56:57
18.0,2026-06-22 10:57:57
17.0,2026-06-22 10:58:57
18.0,2026-06-22 10:59:57
16.0,2026-06-22 11:00:57
16.0,2026-06-22 11:01:57
16.0,2026-06-22 11:02:57
17.0,2026-06-22 11:03:57
15.0,2026-06-22 11:04:57
13.0,2026-06-22 11:05:57
15.0,2026-06-22 11:06:58
15.0,2026-06-22 11:07:58
14.0,2026-06-22 11:08:58
13.0,2026-06-22 11:09:58
13.0,2026-06-22 11:10:58
15.0,2026-06-22 11:11:58
17.0,2026-06-22 11:12:58
17.0,2026-06-22 11:13:58
18.0,2026-06-22 11:14:58
18.0,2026-06-22 11:15:58
19.0,2026-06-22 11:16:58
17.0,2026-06-22 11:17:58
16.0,2026-06-22 11:18:59
14.0,2026-06-22 11:19:59
12.0,2026-06-22 11:20:59
12.0,2026-06-22 11:21:59
14.0,2026-06-22 11:22:59
16.0,2026-06-22 11:23:59
16.0,2026-06-22 11:24:59
16.0,2026-06-22 11:25:59
17.0,2026-06-22 11:27:00
16.0,2026-06-22 11:28:00
15.0,2026-06-22 11:29:00
16.0,2026-06-22 11:30:00
16.0,2026-06-22 11:31:00
16.0,2026-06-22 11:32:00
15.0,2026-06-22 11:33:00
16.0,2026-06-22 11:34:00
16.0,2026-06-22 11:35:00
15.0,2026-06-22 11:36:00
15.0,2026-06-22 11:37:00
14.0,2026-06-22 11:38:01
14.0,2026-06-22 11:39:01
13.0,2026-06-22 11:40:01
13.0,2026-06-22 11:41:02
13.0,2026-06-22 11:42:02
13.0,2026-06-22 11:43:02
15.0,2026-06-22 11:44:02
15.0,2026-06-22 11:45:02
16.0,2026-06-22 11:46:02
16.0,2026-06-22 11:47:02
16.0,2026-06-22 11:48:03
16.0,2026-06-22 11:49:03
15.0,2026-06-22 11:50:03
15.0,2026-06-22 11:51:03
13.0,2026-06-22 11:52:03
12.0,2026-06-22 11:53:03
14.0,2026-06-22 11:54:03
15.0,2026-06-22 11:55:03
16.0,2026-06-22 11:56:03
16.0,2026-06-22 11:57:03
17.0,2026-06-22 11:58:03
19.0,2026-06-22 11:59:04
12.0,2026-06-23 01:00:10
12.0,2026-06-23 01:01:10
13.0,2026-06-23 01:02:10
13.0,2026-06-23 01:03:10
14.0,2026-06-23 01:04:10
16.0,2026-06-23 01:05:10
17.0,2026-06-23 01:06:10
17.0,2026-06-23 01:07:11
15.0,2026-06-23 01:08:11
15.0,2026-06-23 01:09:11
15.0,2026-06-23 01:10:11
15.0,2026-06-23 01:11:11
14.0,2026-06-23 01:12:11
16.0,2026-06-23 01:13:11
16.0,2026-06-23 01:14:11
18.0,2026-06-23 01:15:11
16.0,2026-06-23 01:16:11
15.0,2026-06-23 01:17:11
14.0,2026-06-23 01:18:12
13.0,2026-06-23 01:19:12
15.0,2026-06-23 01:20:12
13.0,2026-06-23 01:21:12
12.0,2026-06-23 01:22:12
11.0,2026-06-23 01:23:12
11.0,2026-06-23 01:24:13
13.0,2026-06-23 01:25:13
13.0,2026-06-23 01:26:13
13.0,2026-06-23 01:27:13
13.0,2026-06-23 01:28:13
15.0,2026-06-23 01:29:13
13.0,2026-06-23 01:30:13
15.0,2026-06-23 01:31:13
15.0,2026-06-23 01:32:13
15.0,2026-06-23 01:33:13
15.0,2026-06-23 01:34:13
16.0,2026-06-23 01:35:14
15.0,2026-06-23 01:36:14
14.0,2026-06-23 01:37:14
16.0,2026-06-23 01:38:14
17.0,2026-06-23 01:39:14
17.0,2026-06-23 01:40:14
17.0,2026-06-23 01:41:14
15.0,2026-06-23 01:42:14
13.0,2026-06-23 01:43:14
11.0,2026-06-23 01:44:14
10.0,2026-06-23 01:51:15
10.0,2026-06-23 01:52:15
10.0,2026-06-23 01:53:16
10.0,2026-06-23 01:58:16
10.0,2026-06-23 01:59:16
10.0,2026-06-23 02:00:16
10.0,2026-06-23 02:01:16
12.0,2026-06-23 02:02:16
12.0,2026-06-23 02:03:17
12.0,2026-06-23 02:04:17
12.0,2026-06-23 02:05:17
13.0,2026-06-23 02:06:17
13.0,2026-06-23 02:07:17
15.0,2026-06-23 02:08:17
14.0,2026-06-23 02:09:17
12.0,2026-06-23 02:10:17
10.0,2026-06-23 02:11:17
12.0,2026-06-23 02:12:17
14.0,2026-06-23 02:13:17
14.0,2026-06-23 02:14:18
14.0,2026-06-23 02:15:18
14.0,2026-06-23 02:16:18
13.0,2026-06-23 02:17:18
11.0,2026-06-23 02:18:18
10.0,2026-06-23 02:19:18
12.0,2026-06-23 02:20:18
14.0,2026-06-23 02:21:18
14.0,2026-06-23 02:22:18
16.0,2026-06-23 02:23:18
18.0,2026-06-23 02:24:18
18.0,2026-06-23 02:25:19
19.0,2026-06-23 02:26:19
19.0,2026-06-23 02:27:19
19.0,2026-06-23 02:28:19
18.0,2026-06-23 02:29:19
18.0,2026-06-23 02:30:19
20.08,2026-06-23 02:31:19
20.08,2026-06-23 02:32:19
19.0,2026-06-23 02:33:19
17.0,2026-06-23 02:34:19
15.0,2026-06-23 02:35:19
17.0,2026-06-23 02:36:19
17.0,2026-06-23 02:37:20
17.0,2026-06-23 02:38:20
16.0,2026-06-23 02:39:20
14.0,2026-06-23 02:40:20
12.0,2026-06-23 02:41:20
12.0,2026-06-23 02:42:20
12.0,2026-06-23 02:43:20
14.0,2026-06-23 02:44:20
14.0,2026-06-23 02:45:20
13.0,2026-06-23 02:46:21
14.0,2026-06-23 02:47:21
14.0,2026-06-23 02:48:21
14.0,2026-06-23 02:49:21
15.0,2026-06-23 02:50:21
16.0,2026-06-23 02:51:21
16.0,2026-06-23 02:52:21
16.0,2026-06-23 02:53:21
14.0,2026-06-23 02:54:21
14.0,2026-06-23 02:55:21
13.0,2026-06-23 02:56:21
12.0,2026-06-23 02:57:22
13.0,2026-06-23 02:58:22
15.0,2026-06-23 02:59:22
14.0,2026-06-23 03:00:22
15.0,2026-06-23 03:01:22
15.0,2026-06-23 03:02:22
17.0,2026-06-23 03:03:22
17.0,2026-06-23 03:04:22
17.0,2026-06-23 03:05:22
17.0,2026-06-23 03:06:22
19.0,2026-06-23 03:07:22
21.08,2026-06-23 03:08:23
19.0,2026-06-23 03:09:23
20.08,2026-06-23 03:10:23
22.08,2026-06-23 03:11:23
20.08,2026-06-23 03:12:23
20.08,2026-06-23 03:13:23
18.0,2026-06-23 03:14:24
17.0,2026-06-23 03:15:24
19.0,2026-06-23 03:16:24
19.0,2026-06-23 03:17:24
19.0,2026-06-23 03:18:24
19.0,2026-06-23 03:19:24
19.0,2026-06-23 03:20:24
18.0,2026-06-23 03:21:24
19.0,2026-06-23 03:22:24
19.0,2026-06-23 03:23:24
20.08,2026-06-23 03:24:24
20.08,2026-06-23 03:25:25
19.0,2026-06-23 03:26:25
19.0,2026-06-23 03:27:25
17.0,2026-06-23 03:28:25
17.0,2026-06-23 03:29:25
15.0,2026-06-23 03:30:25
16.0,2026-06-23 03:31:25
18.0,2026-06-23 03:32:25
18.0,2026-06-23 03:33:25
19.0,2026-06-23 03:34:25
19.0,2026-06-23 03:35:25
18.0,2026-06-23 03:36:26
18.0,2026-06-23 03:37:26
18.0,2026-06-23 03:38:26
16.0,2026-06-23 03:39:26
16.0,2026-06-23 03:40:26
14.0,2026-06-23 03:41:26
12.0,2026-06-23 03:42:26
12.0,2026-06-23 03:43:26
11.0,2026-06-23 03:44:26
13.0,2026-06-23 03:45:26
11.0,2026-06-23 03:46:26
13.0,2026-06-23 03:47:27
13.0,2026-06-23 03:48:27
13.0,2026-06-23 03:49:27
13.0,2026-06-23 03:50:27
13.0,2026-06-23 03:51:27
13.0,2026-06-23 03:52:27
15.0,2026-06-23 03:53:27
16.0,2026-06-23 03:54:27
15.0,2026-06-23 03:55:28
14.0,2026-06-23 03:56:28
12.0,2026-06-23 03:57:28
14.0,2026-06-23 03:58:28
16.0,2026-06-23 03:59:28
15.0,2026-06-23 04:00:28
17.0,2026-06-23 04:01:28
17.0,2026-06-23 04:02:28
15.0,2026-06-23 04:03:28
13.0,2026-06-23 04:04:28
12.0,2026-06-23 04:05:28
12.0,2026-06-23 04:06:29
12.0,2026-06-23 04:07:29
13.0,2026-06-23 04:08:29
14.0,2026-06-23 04:09:29
14.0,2026-06-23 04:10:29
16.0,2026-06-23 04:11:29
14.0,2026-06-23 04:12:29
12.0,2026-06-23 04:13:29
13.0,2026-06-23 04:14:29
13.0,2026-06-23 04:15:29
13.0,2026-06-23 04:16:29
15.0,2026-06-23 04:17:30
16.0,2026-06-23 04:18:30
16.0,2026-06-23 04:19:30
14.0,2026-06-23 04:20:30
16.0,2026-06-23 04:21:30
17.0,2026-06-23 04:22:30
17.0,2026-06-23 04:23:30
16.0,2026-06-23 04:24:30
16.0,2026-06-23 04:25:30
16.0,2026-06-23 04:26:30
15.0,2026-06-23 04:27:30
14.0,2026-06-23 04:28:31
14.0,2026-06-23 04:29:31
16.0,2026-06-23 04:30:31
17.0,2026-06-23 04:31:31
17.0,2026-06-23 04:32:31
16.0,2026-06-23 04:33:31
14.0,2026-06-23 04:34:31
14.0,2026-06-23 04:35:31
14.0,2026-06-23 04:36:32
14.0,2026-06-23 04:37:32
12.0,2026-06-23 04:38:32
12.0,2026-06-23 04:39:32
14.0,2026-06-23 04:40:32
16.0,2026-06-23 04:41:32
17.0,2026-06-23 04:42:32
17.0,2026-06-23 04:43:32
17.0,2026-06-23 04:44:32
16.0,2026-06-23 04:45:32
16.0,2026-06-23 04:46:32
14.0,2026-06-23 04:47:32
14.0,2026-06-23 04:48:33
13.0,2026-06-23 04:49:33
11.0,2026-06-23 04:50:33
11.0,2026-06-23 04:55:33
13.0,2026-06-23 04:56:33
14.0,2026-06-23 04:57:33
15.0,2026-06-23 04:58:33
15.0,2026-06-23 04:59:34
16.0,2026-06-23 05:00:34
16.0,2026-06-23 05:01:34
18.0,2026-06-23 05:02:34
19.0,2026-06-23 05:03:34
21.08,2026-06-23 05:04:34
19.0,2026-06-23 05:05:34
17.0,2026-06-23 05:06:34
15.0,2026-06-23 05:07:34
15.0,2026-06-23 05:08:34
16.0,2026-06-23 05:09:34
17.0,2026-06-23 05:10:35
19.0,2026-06-23 05:11:35
19.0,2026-06-23 05:12:35
18.0,2026-06-23 05:13:35
20.08,2026-06-23 05:14:35
21.08,2026-06-23 05:15:35
19.0,2026-06-23 05:16:35
17.0,2026-06-23 05:17:35
18.0,2026-06-23 05:18:36
16.0,2026-06-23 05:19:36
14.0,2026-06-23 05:20:36
12.0,2026-06-23 05:21:36
13.0,2026-06-23 05:22:36
12.0,2026-06-23 05:23:36
13.0,2026-06-23 05:24:36
13.0,2026-06-23 05:25:36
14.0,2026-06-23 05:26:36
14.0,2026-06-23 05:27:37
15.0,2026-06-23 05:28:37
15.0,2026-06-23 05:29:37
15.0,2026-06-23 05:30:37
16.0,2026-06-23 05:31:37
16.0,2026-06-23 05:32:37
16.0,2026-06-23 05:33:37
14.0,2026-06-23 05:34:37
14.0,2026-06-23 05:35:38
14.0,2026-06-23 05:36:38
14.0,2026-06-23 05:37:38
15.0,2026-06-23 05:38:38
14.0,2026-06-23 05:39:38
14.0,2026-06-23 05:40:38
14.0,2026-06-23 05:41:38
14.0,2026-06-23 05:42:38
15.0,2026-06-23 05:43:38
15.0,2026-06-23 05:44:38
15.0,2026-06-23 05:45:39
16.0,2026-06-23 05:46:39
15.0,2026-06-23 05:47:39
15.0,2026-06-23 05:48:39
15.0,2026-06-23 05:49:39
15.0,2026-06-23 05:50:39
15.0,2026-06-23 05:51:40
14.0,2026-06-23 05:52:40
12.0,2026-06-23 05:53:40
14.0,2026-06-23 05:54:40
16.0,2026-06-23 05:55:40
17.0,2026-06-23 05:56:40
15.0,2026-06-23 05:57:40
17.0,2026-06-23 05:58:40
18.0,2026-06-23 05:59:40
16.0,2026-06-23 06:00:40
17.0,2026-06-23 06:01:41
17.0,2026-06-23 06:02:41
18.0,2026-06-23 06:03:41
16.0,2026-06-23 06:04:41
16.0,2026-06-23 06:05:41
16.0,2026-06-23 06:06:41
15.0,2026-06-23 06:07:41
16.0,2026-06-23 06:08:41
16.0,2026-06-23 06:09:41
18.0,2026-06-23 06:10:41
20.08,2026-06-23 06:11:41
21.08,2026-06-23 06:12:42
21.08,2026-06-23 06:13:42
21.08,2026-06-23 06:14:42
20.08,2026-06-23 06:15:42
20.08,2026-06-23 06:16:42
18.0,2026-06-23 06:17:42
17.0,2026-06-23 06:18:42
17.0,2026-06-23 06:19:42
17.0,2026-06-23 06:20:42
19.0,2026-06-23 06:21:42
18.0,2026-06-23 06:22:42
16.0,2026-06-23 06:23:43
16.0,2026-06-23 06:24:43
16.0,2026-06-23 06:25:43
16.0,2026-06-23 06:26:43
17.0,2026-06-23 06:27:43
19.0,2026-06-23 06:28:43
18.0,2026-06-23 06:29:43
18.0,2026-06-23 06:30:43
17.0,2026-06-23 06:31:44
16.0,2026-06-23 06:32:44
17.0,2026-06-23 06:33:44
17.0,2026-06-23 06:34:44
17.0,2026-06-23 06:35:44
16.0,2026-06-23 06:36:44
14.0,2026-06-23 06:37:44
13.0,2026-06-23 06:38:44
13.0,2026-06-23 06:39:44
13.0,2026-06-23 06:40:44
14.0,2026-06-23 06:41:44
14.0,2026-06-23 06:42:45
16.0,2026-06-23 06:43:45
16.0,2026-06-23 06:44:45
17.0,2026-06-23 06:45:45
18.0,2026-06-23 06:46:45
16.0,2026-06-23 06:47:45
14.0,2026-06-23 06:48:45
16.0,2026-06-23 06:49:45
15.0,2026-06-23 06:50:45
13.0,2026-06-23 06:51:45
12.0,2026-06-23 06:52:45
13.0,2026-06-23 06:53:46
11.0,2026-06-23 06:54:46
12.0,2026-06-23 06:55:46
14.0,2026-06-23 06:56:46
13.0,2026-06-23 06:57:46
15.0,2026-06-23 06:58:46
13.0,2026-06-23 06:59:46
11.0,2026-06-23 07:00:46
13.0,2026-06-23 07:01:46
13.0,2026-06-23 07:02:46
14.0,2026-06-23 07:03:46
16.0,2026-06-23 07:04:47
16.0,2026-06-23 07:05:47
16.0,2026-06-23 07:06:47
16.0,2026-06-23 07:07:47
16.0,2026-06-23 07:08:47
15.0,2026-06-23 07:09:47
14.0,2026-06-23 07:10:47
13.0,2026-06-23 07:11:47
11.0,2026-06-23 07:12:47
11.0,2026-06-23 07:13:48
11.0,2026-06-23 07:14:48
10.0,2026-06-23 07:15:48
10.0,2026-06-23 07:18:48
12.0,2026-06-23 07:19:48
13.0,2026-06-23 07:20:48
12.0,2026-06-23 07:21:48
12.0,2026-06-23 07:22:48
13.0,2026-06-23 07:23:49
15.0,2026-06-23 07:24:49
14.0,2026-06-23 07:25:49
14.0,2026-06-23 07:26:49
16.0,2026-06-23 07:27:49
16.0,2026-06-23 07:28:49
18.0,2026-06-23 07:29:49
17.0,2026-06-23 07:30:49
17.0,2026-06-23 07:31:49
17.0,2026-06-23 07:32:49
15.0,2026-06-23 07:33:49
15.0,2026-06-23 07:34:50
16.0,2026-06-23 07:35:50
16.0,2026-06-23 07:36:50
15.0,2026-06-23 07:37:50
15.0,2026-06-23 07:38:50
15.0,2026-06-23 07:39:50
15.0,2026-06-23 07:40:50
13.0,2026-06-23 07:41:50
13.0,2026-06-23 07:42:50
15.0,2026-06-23 07:43:50
15.0,2026-06-23 07:44:50
15.0,2026-06-23 07:45:51
16.0,2026-06-23 07:46:51
17.0,2026-06-23 07:47:51
17.0,2026-06-23 07:48:51
15.0,2026-06-23 07:49:51
15.0,2026-06-23 07:50:51
13.0,2026-06-23 07:51:51
11.0,2026-06-23 07:52:51
12.0,2026-06-23 07:53:51
12.0,2026-06-23 07:54:52
12.0,2026-06-23 07:55:52
12.0,2026-06-23 07:56:52
13.0,2026-06-23 07:57:52
11.0,2026-06-23 07:58:52
13.0,2026-06-23 07:59:52
15.0,2026-06-23 08:00:52
13.0,2026-06-23 08:01:52
13.0,2026-06-23 08:02:52
13.0,2026-06-23 08:03:52
13.0,2026-06-23 08:04:52
13.0,2026-06-23 08:05:53
12.0,2026-06-23 08:06:53
11.0,2026-06-23 08:07:53
11.0,2026-06-23 08:08:53
11.0,2026-06-23 08:10:53
11.0,2026-06-23 08:11:53
11.0,2026-06-23 08:12:53
11.0,2026-06-23 08:13:53
12.0,2026-06-23 08:14:53
12.0,2026-06-23 08:15:53
12.0,2026-06-23 08:16:54
14.0,2026-06-23 08:17:54
16.0,2026-06-23 08:18:54
16.0,2026-06-23 08:19:54
14.0,2026-06-23 08:20:54
14.0,2026-06-23 08:21:54
15.0,2026-06-23 08:22:54
13.0,2026-06-23 08:23:55
13.0,2026-06-23 08:24:55
15.0,2026-06-23 08:25:55
17.0,2026-06-23 08:26:55
16.0,2026-06-23 08:27:55
14.0,2026-06-23 08:28:55
16.0,2026-06-23 08:29:55
14.0,2026-06-23 08:30:55
14.0,2026-06-23 08:31:55
15.0,2026-06-23 08:32:56
17.0,2026-06-23 08:33:56
15.0,2026-06-23 08:34:56
14.0,2026-06-23 08:35:56
14.0,2026-06-23 08:36:56
14.0,2026-06-23 08:37:56
15.0,2026-06-23 08:38:56
16.0,2026-06-23 08:39:56
15.0,2026-06-23 08:40:56
17.0,2026-06-23 08:41:56
15.0,2026-06-23 08:42:56
15.0,2026-06-23 08:43:57
15.0,2026-06-23 08:44:57
15.0,2026-06-23 08:45:57
13.0,2026-06-23 08:46:57
11.0,2026-06-23 08:47:57
10.0,2026-06-23 08:48:57
11.0,2026-06-23 08:53:57
11.0,2026-06-23 08:54:58
13.0,2026-06-23 08:55:58
13.0,2026-06-23 08:56:58
15.0,2026-06-23 08:57:58
15.0,2026-06-23 08:58:58
15.0,2026-06-23 08:59:58
14.0,2026-06-23 09:00:58
13.0,2026-06-23 09:01:58
12.0,2026-06-23 09:02:58
12.0,2026-06-23 09:03:58
14.0,2026-06-23 09:04:58
16.0,2026-06-23 09:05:59
14.0,2026-06-23 09:06:59
16.0,2026-06-23 09:07:59
18.0,2026-06-23 09:08:59
19.0,2026-06-23 09:09:59
17.0,2026-06-23 09:10:59
17.0,2026-06-23 09:11:59
17.0,2026-06-23 09:12:59
18.0,2026-06-23 09:13:59
19.0,2026-06-23 09:14:59
19.0,2026-06-23 09:16:00
19.0,2026-06-23 09:17:00
19.0,2026-06-23 09:18:00
18.0,2026-06-23 09:19:00
19.0,2026-06-23 09:20:00
17.0,2026-06-23 09:21:00
15.0,2026-06-23 09:22:00
14.0,2026-06-23 09:23:00
14.0,2026-06-23 09:24:00
16.0,2026-06-23 09:25:00
17.0,2026-06-23 09:26:00
17.0,2026-06-23 09:27:01
17.0,2026-06-23 09:28:01
18.0,2026-06-23 09:29:01
18.0,2026-06-23 09:30:01
18.0,2026-06-23 09:31:01
19.0,2026-06-23 09:32:01
19.0,2026-06-23 09:33:02
21.08,2026-06-23 09:34:02
23.08,2026-06-23 09:35:02
22.08,2026-06-23 09:36:02
20.08,2026-06-23 09:37:02
20.08,2026-06-23 09:38:03
20.08,2026-06-23 09:39:03
19.0,2026-06-23 09:40:03
19.0,2026-06-23 09:41:03
18.0,2026-06-23 09:42:03
16.0,2026-06-23 09:43:03
14.0,2026-06-23 09:44:03
13.0,2026-06-23 09:45:03
13.0,2026-06-23 09:46:03
13.0,2026-06-23 09:47:04
15.0,2026-06-23 09:48:04
15.0,2026-06-23 09:49:04
13.0,2026-06-23 09:50:04
11.0,2026-06-23 09:51:04
18.0,2026-06-23 12:00:04
20.08,2026-06-23 12:01:04
22.08,2026-06-23 12:02:04
21.08,2026-06-23 12:03:04
20.08,2026-06-23 12:04:04
19.0,2026-06-23 12:05:04
17.0,2026-06-23 12:06:04
15.0,2026-06-23 12:07:04
15.0,2026-06-23 12:08:04
16.0,2026-06-23 12:09:04
15.0,2026-06-23 12:10:05
14.0,2026-06-23 12:11:05
16.0,2026-06-23 12:12:05
16.0,2026-06-23 12:13:05
16.0,2026-06-23 12:14:05
18.0,2026-06-23 12:15:05
19.0,2026-06-23 12:16:05
20.08,2026-06-23 12:17:05
20.08,2026-06-23 12:18:05
19.0,2026-06-23 12:19:05
19.0,2026-06-23 12:20:06
17.0,2026-06-23 12:21:06
17.0,2026-06-23 12:22:06
15.0,2026-06-23 12:23:06
17.0,2026-06-23 12:24:06
17.0,2026-06-23 12:25:06
16.0,2026-06-23 12:26:06
18.0,2026-06-23 12:27:06
18.0,2026-06-23 12:28:06
16.0,2026-06-23 12:29:06
14.0,2026-06-23 12:30:06
14.0,2026-06-23 12:31:07
15.0,2026-06-23 12:32:07
15.0,2026-06-23 12:33:07
15.0,2026-06-23 12:34:07
15.0,2026-06-23 12:35:07
15.0,2026-06-23 12:36:07
15.0,2026-06-23 12:37:07
15.0,2026-06-23 12:38:08
15.0,2026-06-23 12:39:08
13.0,2026-06-23 12:40:08
12.0,2026-06-23 12:41:08
10.0,2026-06-23 12:42:08
12.0,2026-06-23 12:43:08
13.0,2026-06-23 12:44:08
15.0,2026-06-23 12:45:08
14.0,2026-06-23 12:46:08
12.0,2026-06-23 12:47:08
11.0,2026-06-23 12:48:09
11.0,2026-06-23 12:49:09
11.0,2026-06-23 12:50:09
13.0,2026-06-23 12:51:09
15.0,2026-06-23 12:52:09
16.0,2026-06-23 12:53:09
16.0,2026-06-23 12:54:09
15.0,2026-06-23 12:55:09
14.0,2026-06-23 12:56:10
14.0,2026-06-23 12:57:10
14.0,2026-06-23 12:58:10
13.0,2026-06-23 12:59:10
