Money,Time
15.0,22:00
16.0,22:01
17.0,22:02
18.0,22:03
18.0,22:04
17.0,22:05
15.0,22:06
15.0,22:07
15.0,22:08
17.0,22:09
17.0,22:10
17.0,22:11
19.0,22:12
17.0,22:13
17.0,22:14
17.0,22:15
15.0,22:16
14.0,22:17
14.0,22:18
14.0,22:19
15.0,22:20
16.0,22:21
16.0,22:22
14.0,22:23
14.0,22:24
15.0,22:25
13.0,22:26
13.0,22:27
12.0,22:32
13.0,22:33
12.0,22:34
10.0,22:35
12.0,22:36
12.0,22:37
10.0,22:39
10.0,22:40
10.0,22:41
12.0,22:42
14.0,22:43
12.0,22:44
10.0,22:48
12.0,22:49
14.0,22:50
14.0,22:51
16.0,22:52
15.0,22:53
17.0,22:54
16.0,22:55
18.0,22:56
18.0,22:57
18.0,22:58
18.0,22:59
17.0,23:00
15.0,23:01
14.0,23:02
15.0,23:03
17.0,23:04
15.0,23:05
15.0,23:06
13.0,23:07
13.0,23:08
15.0,23:09
15.0,23:10
15.0,23:11
15.0,23:12
16.0,23:13
16.0,23:14
16.0,23:15
14.0,23:16
14.0,23:17
14.0,23:18
13.0,23:19
12.0,23:23
12.0,23:32
14.0,23:33
13.0,23:34
13.0,23:35
12.0,23:36
12.0,23:37
12.0,23:38
12.0,23:40
13.0,23:41
12.0,23:42
13.0,23:43
13.0,23:44
13.0,23:45
14.0,23:46
15.0,23:47
15.0,23:48
14.0,23:49
14.0,23:50
15.0,23:51
14.0,23:52
12.0,23:53
12.0,23:54
12.0,23:55
14.0,23:56
14.0,23:57
12.0,23:58
12.0,23:59
12.0,19:03
13.0,19:06
13.0,19:07
13.0,19:08
13.0,19:09
13.0,19:10
13.0,19:11
15.0,19:12
17.0,19:13
19.0,19:14
17.0,19:15
15.0,19:16
13.0,19:17
12.0,19:20
14.0,19:21
15.0,19:22
14.0,19:23
14.0,19:24
15.0,19:25
15.0,19:26
14.0,19:27
14.0,19:28
14.0,19:29
15.0,19:30
13.0,19:31
13.0,19:32
15.0,19:33
15.0,19:34
15.0,19:35
15.0,19:36
15.0,19:37
15.0,19:38
14.0,19:39
13.0,19:40
14.0,19:41
16.0,19:42
14.0,19:43
16.0,19:44
14.0,19:45
14.0,19:46
15.0,19:47
16.0,19:48
16.0,19:49
15.0,19:50
14.0,19:51
12.0,19:52
14.0,19:53
16.0,19:54
16.0,19:55
15.0,19:56
17.0,19:57
19.0,19:58
19.0,20:00
19.0,20:01
19.0,20:02
19.0,20:03
17.0,20:04
16.0,20:05
16.0,20:06
18.0,20:07
20.0,20:08
19.0,20:09
19.0,20:10
17.0,20:11
15.0,20:12
14.0,20:13
12.0,20:14
12.0,20:15
13.0,20:18
12.0,20:20
12.0,20:21
13.0,20:23
13.0,20:24
12.0,20:27
14.0,20:28
14.0,20:29
13.0,20:30
13.0,20:31
13.0,20:35
15.0,20:36
14.0,20:37
12.0,20:38
10.0,20:39
12.0,20:41
13.0,20:42
15.0,20:43
16.0,20:44
14.0,20:45
12.0,20:46
13.0,20:47
13.0,20:48
15.0,20:49
14.0,20:50
14.0,20:51
15.0,20:52
14.0,20:53
13.0,20:54
13.0,20:55
13.0,20:56
13.0,20:57
14.0,20:58
14.0,20:59
15.0,21:00
15.0,21:01
17.0,21:02
17.0,21:03
18.0,21:04
18.0,21:05
16.0,21:06
16.0,21:07
15.0,21:08
15.0,21:09
15.0,21:10
17.0,21:11
19.0,21:12
18.0,27:13
18.0,21:14
17.0,27:15
16.0,21:16
15.0,21:17
15.0,21:18
14.0,27:19
14.0,21:20
16.0,21:21
17.0,27:22
15.0,27:23
15.0,21:24
16.0,27:25
17.0,21:26
15.0,21:27
15.0,21:28
17.0,27:29
18.0,21:30
18.0,21:31
18.0,21:32
19.0,21:33
19.0,21:34
19.0,21:35
19.0,21:36
19.0,21:37
19.0,21:38
17.0,21:39
17.0,21:40
18.0,21:41
17.0,21:42
17.0,21:43
15.0,21:44
17.0,21:45
16.0,21:46
15.0,21:47
13.0,21:48
15.0,21:49
16.0,21:50
18.0,21:51
20.0,27:52
18.0,21:53
16.0,21:54
15.0,27:55
15.0,21:56
15.0,21:57
14.0,21:58
13.0,27:59
12.0,13:00
12.0,01:00
12.0,13:01
12.0,01:01
13.0,13:02
12.0,01:02
15.0,13:03
13.0,01:03
15.0,13:04
15.0,01:04
16.0,13:05
15.0,01:05
16.0,13:06
13.0,01:06
15.0,13:07
13.0,01:07
16.0,13:08
14.0,01:08
16.0,13:09
13.0,01:09
17.0,13:10
13.0,01:10
17.0,13:11
12.0,01:11
16.0,13:12
14.0,01:12
15.0,13:13
16.0,01:13
14.0,13:14
16.0,01:14
12.0,13:15
15.0,01:15
12.0,13:16
15.0,01:16
12.0,13:17
15.0,01:17
13.0,01:18
10.0,13:19
10.0,13:20
12.0,01:20
12.0,13:21
14.0,01:21
12.0,13:22
16.0,01:22
12.0,13:23
18.0,01:23
13.0,13:24
18.0,01:24
16.0,01:25
13.0,13:26
16.0,01:26
14.0,13:27
15.0,01:27
13.0,13:28
15.0,01:28
12.0,13:29
15.0,01:29
12.0,13:30
15.0,01:30
14.0,01:31
16.0,01:32
13.0,13:33
16.0,01:33
16.0,01:34
17.0,01:35
12.0,13:36
17.0,01:36
13.0,13:37
16.0,01:37
15.0,13:38
16.0,01:38
14.0,13:39
16.0,01:39
12.0,13:40
16.0,01:40
13.0,13:41
18.0,01:41
18.0,01:42
10.0,13:43
16.0,01:43
16.0,01:44
16.0,01:45
10.0,13:46
18.0,01:46
10.0,13:47
20.0,01:47
20.0,01:48
12.0,13:49
22.0,01:49
12.0,13:50
14.0,13:51
20.0,01:51
14.0,13:52
20.0,01:52
14.0,13:53
19.0,01:53
14.0,13:54
18.0,01:54
14.0,13:55
16.0,01:55
16.0,13:56
14.0,01:56
17.0,13:57
16.0,01:57
16.0,13:58
16.0,01:58
16.0,13:59
15.0,01:59
16.0,10:00
17.0,10:01
19.0,10:02
19.0,10:03
18.0,10:04
16.0,10:05
14.0,10:06
14.0,10:07
15.0,10:08
14.0,10:09
12.0,10:10
14.0,10:11
14.0,10:12
13.0,10:13
13.0,10:14
13.0,10:15
13.0,10:16
15.0,10:17
14.0,10:18
15.0,10:19
15.0,10:20
15.0,10:21
15.0,10:22
13.0,10:23
12.0,10:24
12.0,10:25
14.0,10:26
13.0,10:27
15.0,10:28
13.0,10:29
13.0,10:30
14.0,10:31
15.0,10:32
14.0,10:33
13.0,10:34
15.0,10:35
15.0,10:36
14.0,10:37
13.0,10:38
15.0,10:39
16.0,10:40
15.0,10:41
15.0,10:42
15.0,10:43
15.0,10:44
13.0,10:45
13.0,10:46
13.0,10:47
14.0,10:48
15.0,10:49
17.0,10:50
19.0,10:51
20.0,10:52
20.0,10:53
18.0,10:54
16.0,10:55
16.0,10:56
16.0,10:57
15.0,10:58
17.0,10:59
16.0,11:00
14.0,11:01
14.0,11:02
14.0,11:03
15.0,11:04
15.0,11:05
16.0,11:06
17.0,11:07
16.0,11:08
14.0,11:09
12.0,11:10
13.0,11:11
13.0,11:12
13.0,11:13
13.0,11:14
12.0,11:15
10.0,11:16
12.0,11:17
13.0,11:18
15.0,11:19
15.0,11:20
15.0,11:21
15.0,11:22
13.0,11:23
14.0,11:24
16.0,11:25
17.0,11:26
17.0,11:27
17.0,11:28
17.0,11:29
19.0,11:30
18.0,11:31
18.0,11:32
18.0,11:33
18.0,11:34
18.0,11:35
18.0,11:36
19.0,11:37
20.0,11:38
19.0,11:39
17.0,11:40
16.0,11:41
14.0,11:42
13.0,11:43
13.0,11:44
13.0,11:45
12.0,11:46
12.0,11:47
14.0,11:48
15.0,11:49
16.0,11:50
15.0,11:51
16.0,11:52
16.0,11:53
17.0,11:54
17.0,11:55
17.0,11:56
17.0,11:57
16.0,11:58
14.0,11:59
15.0,12:00
12.0,00:00
13.0,12:01
13.0,00:01
13.0,12:02
12.0,00:02
13.0,12:03
14.0,12:04
13.0,12:05
13.0,12:06
14.0,12:07
15.0,12:08
15.0,12:09
12.0,00:09
15.0,12:10
12.0,00:10
16.0,12:11
12.0,00:11
15.0,12:12
16.0,12:13
16.0,12:14
12.0,00:14
16.0,12:15
13.0,00:15
14.0,12:16
15.0,00:16
15.0,12:17
14.0,00:17
15.0,12:18
15.0,00:18
14.0,12:19
16.0,00:19
12.0,12:20
15.0,00:20
10.0,12:21
13.0,00:21
15.0,00:22
12.0,12:23
15.0,00:23
12.0,12:24
14.0,00:24
12.0,12:25
13.0,00:25
10.0,12:26
12.0,00:26
10.0,12:27
12.0,12:28
10.0,00:28
12.0,12:29
10.0,00:29
10.0,12:30
12.0,00:30
12.0,12:31
13.0,12:32
13.0,00:32
14.0,12:33
13.0,00:33
16.0,12:34
12.0,00:34
16.0,12:35
14.0,12:36
13.0,00:36
14.0,12:37
13.0,00:37
15.0,12:38
13.0,00:38
14.0,12:39
14.0,00:39
13.0,12:40
15.0,00:40
15.0,12:41
15.0,00:41
16.0,12:42
17.0,00:42
18.0,12:43
19.0,00:43
19.0,12:44
20.0,00:44
18.0,12:45
19.0,00:45
17.0,12:46
19.0,00:46
16.0,12:47
17.0,00:47
16.0,12:48
15.0,00:48
14.0,12:49
14.0,00:49
14.0,12:50
12.0,00:50
12.0,12:51
10.0,00:51
10.0,12:52
10.0,12:53
12.0,12:54
12.0,12:55
13.0,00:55
14.0,12:56
12.0,00:56
16.0,12:57
10.0,00:57
16.0,12:58
14.0,12:59
13.0,00:59
16.0,14:00
14.0,02:00
18.0,14:01
13.0,02:01
16.0,14:02
13.0,02:02
18.0,14:03
13.0,02:03
20.0,14:04
13.0,02:04
20.0,14:05
13.0,02:05
19.0,14:06
13.0,02:06
19.0,14:07
12.0,02:07
18.0,14:08
12.0,02:08
16.0,14:09
12.0,02:09
15.0,14:10
12.0,02:10
17.0,14:11
17.0,14:12
12.0,02:12
19.0,14:13
14.0,02:13
19.0,14:14
14.0,02:14
19.0,14:15
12.0,02:15
19.0,14:16
13.0,02:16
20.0,14:17
14.0,02:17
19.0,14:18
14.0,02:18
19.0,14:19
14.0,02:19
12.0,02:20
22.0,14:21
20.0,14:22
12.0,02:22
18.0,14:23
13.0,02:23
18.0,14:24
15.0,02:24
17.0,14:25
15.0,02:25
17.0,14:26
15.0,02:26
18.0,14:27
15.0,02:27
16.0,14:28
14.0,02:28
16.0,14:29
14.0,02:29
16.0,14:30
14.0,02:30
17.0,14:31
14.0,02:31
17.0,14:32
12.0,02:32
15.0,14:33
12.0,02:33
15.0,14:34
13.0,02:34
15.0,14:35
15.0,14:36
13.0,14:37
13.0,02:37
15.0,14:38
13.0,02:38
16.0,14:39
13.0,02:39
16.0,14:40
14.0,02:40
16.0,14:41
14.0,02:41
14.0,14:42
16.0,02:42
13.0,14:43
17.0,02:43
17.0,02:44
13.0,14:45
16.0,02:45
14.0,14:46
14.0,02:46
15.0,14:47
14.0,02:47
16.0,14:48
12.0,02:48
15.0,14:49
12.0,02:49
14.0,14:50
14.0,02:50
12.0,14:51
14.0,02:51
12.0,14:52
15.0,02:52
12.0,14:53
17.0,02:53
14.0,14:54
17.0,02:54
12.0,14:55
16.0,02:55
13.0,14:56
16.0,02:56
13.0,14:57
17.0,02:57
15.0,02:58
10.0,14:59
14.0,02:59
12.0,15:00
16.0,03:00
16.0,03:01
13.0,15:02
18.0,03:02
13.0,15:03
18.0,03:03
13.0,15:04
17.0,03:04
13.0,15:05
16.0,03:05
15.0,15:06
14.0,03:06
14.0,15:07
14.0,03:07
14.0,15:08
14.0,03:08
14.0,15:09
13.0,03:09
13.0,15:10
13.0,03:10
14.0,15:11
12.0,03:11
14.0,15:12
15.0,15:13
13.0,15:14
13.0,03:14
12.0,15:15
13.0,03:15
10.0,15:16
14.0,03:16
10.0,15:17
13.0,03:17
12.0,15:18
14.0,03:18
14.0,15:19
14.0,03:19
16.0,15:20
16.0,03:20
16.0,15:21
16.0,03:21
16.0,15:22
17.0,03:22
18.0,15:23
19.0,03:23
16.0,15:24
19.0,03:24
18.0,15:25
17.0,03:25
19.0,15:26
15.0,03:26
17.0,15:27
15.0,03:27
15.0,15:28
14.0,03:28
15.0,15:29
14.0,03:29
13.0,15:30
16.0,03:30
14.0,03:31
16.0,03:32
12.0,15:33
16.0,03:33
13.0,15:34
14.0,03:34
13.0,03:35
13.0,03:36
13.0,03:37
13.0,03:39
13.0,03:40
13.0,03:41
13.0,03:42
10.0,15:43
12.0,03:43
10.0,15:44
12.0,03:46
13.0,15:47
12.0,03:47
13.0,15:48
13.0,03:48
15.0,15:49
12.0,03:49
15.0,15:50
10.0,03:50
13.0,15:51
12.0,15:52
10.0,03:52
12.0,15:53
14.0,15:54
13.0,15:55
10.0,03:56
10.0,16:01
12.0,16:02
13.0,04:02
14.0,16:03
13.0,04:03
13.0,16:04
15.0,04:04
15.0,16:05
17.0,04:05
15.0,16:06
16.0,04:06
17.0,16:07
16.0,04:07
18.0,16:08
14.0,04:08
16.0,16:09
12.0,04:09
16.0,16:10
12.0,04:10
15.0,16:11
14.0,04:11
13.0,16:12
16.0,04:12
14.0,16:13
16.0,04:13
13.0,16:14
17.0,04:14
12.0,16:15
16.0,04:15
12.0,16:16
18.0,04:16
12.0,16:17
18.0,04:17
10.0,16:18
16.0,04:18
10.0,16:19
14.0,04:19
12.0,04:20
13.0,16:21
13.0,04:21
14.0,16:22
15.0,04:22
15.0,16:23
17.0,04:23
14.0,16:24
17.0,04:24
12.0,16:25
19.0,04:25
14.0,16:26
20.0,04:26
14.0,16:27
20.0,04:27
14.0,16:28
18.0,04:28
15.0,16:29
17.0,04:29
15.0,16:30
15.0,04:30
17.0,16:31
15.0,04:31
15.0,16:32
14.0,04:32
16.0,16:33
15.0,04:33
16.0,16:34
13.0,04:34
16.0,16:35
14.0,04:35
15.0,16:36
14.0,04:36
17.0,16:37
15.0,04:37
16.0,16:38
15.0,04:38
16.0,16:39
14.0,04:39
18.0,16:40
16.0,04:40
18.0,16:41
18.0,04:41
16.0,16:42
20.0,04:42
16.0,16:43
20.0,04:43
16.0,16:44
19.0,04:44
15.0,16:45
20.0,04:45
17.0,16:46
19.0,04:46
15.0,16:47
20.0,04:47
17.0,16:48
18.0,04:48
15.0,16:49
16.0,04:49
15.0,16:50
15.0,04:50
13.0,16:51
15.0,04:51
12.0,16:52
16.0,04:52
14.0,16:53
17.0,04:53
15.0,16:54
16.0,04:54
15.0,16:55
15.0,04:55
16.0,16:56
15.0,04:56
16.0,16:57
13.0,04:57
18.0,16:58
12.0,04:58
18.0,16:59
14.0,04:59
17.0,17:00
14.0,05:00
18.0,17:01
16.0,05:01
20.0,17:02
17.0,05:02
19.0,17:03
16.0,05:03
17.0,17:04
14.0,05:04
15.0,17:05
14.0,05:05
13.0,17:06
16.0,05:06
14.0,17:07
18.0,05:07
12.0,17:08
16.0,05:08
15.0,05:09
15.0,05:10
17.0,05:11
19.0,05:12
19.0,05:13
10.0,17:14
19.0,05:14
17.0,05:15
15.0,05:16
15.0,05:17
12.0,17:18
15.0,05:18
12.0,17:19
15.0,05:19
14.0,17:20
15.0,05:20
14.0,17:21
15.0,05:21
13.0,17:22
16.0,05:22
14.0,17:23
15.0,05:23
15.0,17:24
15.0,05:24
15.0,17:25
15.0,05:25
16.0,17:26
14.0,05:26
16.0,05:27
15.0,17:27
16.0,05:28
15.0,17:28
18.0,05:29
17.0,17:29
17.0,05:30
15.0,17:30
17.0,05:31
15.0,17:31
16.0,05:32
13.0,17:32
16.0,05:33
14.0,17:33
14.0,05:34
14.0,17:34
16.0,05:35
14.0,17:35
18.0,05:36
14.0,17:36
19.0,05:37
16.0,17:37
18.0,05:38
16.0,17:38
17.0,05:39
16.0,17:39
15.0,05:40
17.0,17:40
14.0,05:41
18.0,17:41
14.0,05:42
19.0,17:42
14.0,05:43
19.0,17:43
16.0,05:44
19.0,17:44
15.0,05:45
18.0,17:45
15.0,05:46
19.0,17:46
15.0,05:47
18.0,17:47
15.0,05:48
17.0,17:48
17.0,05:49
16.0,17:49
19.0,05:50
14.0,17:50
17.0,05:51
13.0,17:51
15.0,05:52
15.0,17:52
15.0,05:53
16.0,17:53
17.0,05:54
16.0,17:54
15.0,05:55
18.0,17:55
17.0,05:56
20.0,17:56
16.0,05:57
20.0,17:57
14.0,05:58
18.0,17:58
16.0,05:59
18.0,17:59
16.0,06:00
18.0,18:00
16.0,06:01
20.0,18:01
18.0,06:02
19.0,18:02
20.0,06:03
17.0,18:03
19.0,06:04
15.0,18:04
19.0,06:05
15.0,18:05
20.0,06:06
15.0,18:06
18.0,06:07
15.0,18:07
16.0,06:08
17.0,18:08
14.0,06:09
16.0,18:09
13.0,06:10
16.0,18:10
14.0,06:11
15.0,18:11
14.0,06:12
17.0,18:12
13.0,06:13
16.0,18:13
13.0,06:14
16.0,18:14
13.0,06:15
16.0,18:15
13.0,06:16
14.0,18:16
13.0,06:17
14.0,18:17
14.0,06:18
14.0,18:18
14.0,06:19
15.0,18:19
16.0,06:20
16.0,18:20
15.0,06:21
15.0,18:21
15.0,06:22
13.0,18:22
13.0,06:23
14.0,18:23
14.0,18:24
15.0,18:25
17.0,18:26
16.0,18:27
13.0,06:28
16.0,18:28
13.0,06:29
18.0,18:29
13.0,06:30
19.0,18:30
14.0,06:31
19.0,18:31
15.0,06:32
18.0,18:32
14.0,06:33
16.0,18:33
16.0,06:34
17.0,18:34
16.0,06:35
17.0,18:35
14.0,06:36
17.0,18:36
15.0,06:37
17.0,18:37
15.0,06:38
15.0,18:38
13.0,06:39
14.0,18:39
13.0,06:40
14.0,18:40
14.0,06:41
12.0,18:41
15.0,06:42
12.0,18:42
15.0,06:43
13.0,18:43
17.0,06:44
17.0,06:45
19.0,06:46
12.0,18:46
18.0,06:47
13.0,18:47
18.0,06:48
12.0,18:48
18.0,06:49
13.0,18:49
18.0,06:50
17.0,06:51
13.0,18:51
17.0,06:52
14.0,18:52
16.0,06:53
13.0,18:53
16.0,06:54
13.0,18:54
16.0,06:55
13.0,18:55
18.0,06:56
13.0,18:56
16.0,06:57
14.0,18:57
15.0,06:58
14.0,18:58
15.0,06:59
16.0,18:59
16.0,07:00
18.0,19:00
15.0,07:01
16.0,19:01
17.0,07:02
15.0,19:02
18.0,07:03
17.0,07:04
16.0,07:05
17.0,07:06
17.0,07:07
19.0,07:08
19.0,07:09
18.0,07:10
16.0,07:11
18.0,07:12
17.0,07:13
18.0,07:14
20.0,07:15
18.0,07:16
17.0,07:17
17.0,07:18
17.0,07:19
15.0,07:20
13.0,07:21
13.0,07:23
12.0,07:31
12.0,07:32
13.0,07:33
12.0,07:34
12.0,07:35
12.0,07:36
12.0,07:37
14.0,07:38
14.0,07:39
14.0,07:40
14.0,07:41
13.0,07:42
15.0,07:43
15.0,07:44
17.0,07:45
18.0,07:46
18.0,07:47
18.0,07:48
20.0,07:49
20.0,07:50
20.0,07:51
20.0,07:52
19.0,07:53
19.0,07:54
17.0,07:55
17.0,07:56
15.0,07:57
13.0,07:58
14.0,07:59
14.0,08:00
16.0,08:01
18.0,08:02
19.0,08:03
19.0,08:04
17.0,08:05
15.0,08:06
17.0,08:07
18.0,08:08
18.0,08:09
18.0,08:10
18.0,08:11
17.0,08:12
16.0,08:13
16.0,08:14
16.0,08:15
16.0,08:16
16.0,08:17
17.0,08:18
17.0,08:19
17.0,08:20
15.0,08:21
16.0,08:22
15.0,08:23
15.0,08:24
16.0,08:25
15.0,08:26
15.0,08:27
16.0,08:28
16.0,08:29
14.0,08:30
15.0,08:31
17.0,08:32
15.0,08:33
14.0,08:34
14.0,08:35
13.0,08:36
15.0,08:37
14.0,08:38
14.0,08:39
13.0,08:40
10.0,08:45
10.0,08:47
10.0,08:48
10.0,08:50
10.0,08:51
10.0,08:52
10.0,08:53
10.0,08:54
10.0,08:55
10.0,08:56
12.0,08:57
14.0,08:58
14.0,08:59
16.0,09:00
17.0,09:01
17.0,09:02
15.0,09:03
15.0,09:04
13.0,09:05
12.0,09:07
12.0,09:11
12.0,09:12
14.0,09:13
14.0,09:14
16.0,09:15
18.0,09:16
16.0,09:17
14.0,09:18
15.0,09:19
15.0,09:20
15.0,09:21
15.0,09:22
15.0,09:23
16.0,09:24
18.0,09:25
20.0,09:26
19.0,09:28
19.0,09:29
17.0,09:30
17.0,09:31
17.0,09:32
17.0,09:33
17.0,09:34
16.0,09:35
14.0,09:36
14.0,09:37
12.0,09:38
12.0,09:39
10.0,09:40
12.0,09:43
10.0,09:45
12.0,09:46
12.0,09:47
13.0,09:48
13.0,09:49
13.0,09:50
10.0,09:52
10.0,09:53
12.0,09:55
12.0,09:56
12.0,09:57
14.0,09:58
14.0,09:59
